-- phpMyAdmin SQL Dump
-- version 5.1.2
-- https://www.phpmyadmin.net/
--
-- Host: localhost:3309
-- Creato il: Feb 03, 2023 alle 09:29
-- Versione del server: 5.7.24
-- Versione PHP: 8.0.1

SET SQL_MODE = "NO_AUTO_VALUE_ON_ZERO";
START TRANSACTION;
SET time_zone = "+00:00";


/*!40101 SET @OLD_CHARACTER_SET_CLIENT=@@CHARACTER_SET_CLIENT */;
/*!40101 SET @OLD_CHARACTER_SET_RESULTS=@@CHARACTER_SET_RESULTS */;
/*!40101 SET @OLD_COLLATION_CONNECTION=@@COLLATION_CONNECTION */;
/*!40101 SET NAMES utf8mb4 */;

--
-- Database: `bookshelf`
--
CREATE DATABASE IF NOT EXISTS `bookshelf` DEFAULT CHARACTER SET utf8 COLLATE utf8_general_ci;
USE `bookshelf`;

-- --------------------------------------------------------

--
-- Struttura della tabella `author`
--

CREATE TABLE `author` (
  `id` int(11) NOT NULL,
  `first_name` varchar(50) CHARACTER SET utf8 COLLATE utf8_unicode_ci NOT NULL,
  `last_name` varchar(50) CHARACTER SET utf8 COLLATE utf8_unicode_ci NOT NULL,
  `gender` enum('Male','Female') NOT NULL,
  `nationality` int(11) NOT NULL,
  `birth_date` date NOT NULL,
  `birth_place` varchar(50) CHARACTER SET utf8 COLLATE utf8_unicode_ci NOT NULL,
  `death_date` date DEFAULT NULL,
  `death_place` varchar(50) CHARACTER SET utf8 COLLATE utf8_unicode_ci DEFAULT NULL,
  `src_propic` varchar(100) DEFAULT NULL
) ENGINE=InnoDB DEFAULT CHARSET=utf8;

--
-- Dump dei dati per la tabella `author`
--

INSERT INTO `author` (`id`, `first_name`, `last_name`, `gender`, `nationality`, `birth_date`, `birth_place`, `death_date`, `death_place`, `src_propic`) VALUES
(3, 'George', 'Orwell', 'Male', 27, '1903-10-13', 'London', '1950-01-21', 'London', 'author/george_orwell.jpg'),
(4, 'Charles', 'Dickens', 'Male', 27, '1812-02-07', 'Portsmouth', '1870-06-09', 'Higham', 'author/charles_dickens.jpg'),
(5, 'Charlotte', 'Brontë', 'Male', 27, '1816-04-21', 'Thornton', '1855-03-21', 'Haworth', 'author/charlotte_bronte.jpg'),
(6, 'John Ronald Reuel', 'Tolkien', 'Male', 27, '1892-01-03', 'Bloemfontein', '1973-09-02', 'Bournemouth', 'author/j_tolkien.jpg'),
(7, 'Virginia', 'Woolf', 'Female', 27, '1882-01-25', 'London', '1941-03-28', 'Rodmell', 'author/virginia_woolf.jpg'),
(8, 'Agatha ', 'Christie ', 'Female', 27, '1890-09-15', 'Torquay', '1976-01-12', 'Winterbrook', 'author/agatha_cristie.jpg'),
(9, 'Lewis', 'Carroll', 'Male', 27, '1832-01-27', 'Daresbury', '1890-01-04', 'Guildford', 'author/lewis_carroll.jpg'),
(10, 'Mary', 'Shelley', 'Female', 27, '1797-08-30', 'London', '1851-02-01', 'London', 'author/mary_shelley.jpg'),
(11, 'Alessandro ', 'Manzoni', 'Male', 93, '1785-03-07', 'Milan', '1873-05-22', 'Milan', 'author/alessandro_manzoni.jpg'),
(12, 'Italo', 'Svevo', 'Male', 93, '1861-12-19', 'Trieste', '1928-09-13', 'Motta di Livenza', 'author/italo_svevo.jpg'),
(13, 'Umberto', 'Eco', 'Male', 93, '1932-01-05', 'Alessandria', '2016-02-19', 'Milan', 'author/umberto_eco.jpg'),
(14, 'Dante', 'Alighieri', 'Male', 93, '1265-05-14', 'Florence', '1321-09-14', 'Ravenna', 'author/dante_alighieri.jpeg'),
(15, 'Primo', 'Levi', 'Male', 93, '1919-07-31', 'Turin', '1987-04-11', 'Turin', 'author/primo_levi.jpg'),
(16, 'Dario', 'Fo', 'Male', 93, '1926-03-24', 'Sangiano', '2016-10-13', 'Milan', 'author/dario_fo.jpg'),
(20, 'Marilena', 'Milani', 'Female', 93, '1998-01-19', 'Rome', NULL, NULL, 'author/marilena_milani.jpg'),
(21, 'Benedetta', 'Dellucci', 'Female', 93, '1945-06-05', 'Naples', '1988-09-19', 'Naples', 'author/benedetta_dellucci.png'),
(22, 'Giada', 'Marchesi', 'Female', 93, '1974-03-25', 'Palermo', '2000-07-18', 'Rome', 'author/giada_marchesi.jfif'),
(23, 'Daniel', 'Pennac', 'Male', 68, '1944-12-01', 'Casablanca', NULL, NULL, 'author/daniel_pennac.jpeg'),
(24, 'Victor-Marie', 'Hugo', 'Male', 63, '1802-02-26', 'Besançon', '1855-05-22', 'Paris', 'author/victor_hugo.jfif'),
(25, 'George', 'Sand', 'Male', 63, '1804-07-01', 'Paris', '1876-06-08', 'Nohant-Vic', 'author/george_sand.jpg'),
(26, 'Annie', 'Ernaux', 'Female', 63, '1940-09-01', 'Lillebonne', NULL, 'Gallimard', 'author/annie_ernaux.jpg'),
(31, 'Hiromi', 'Kawakami', 'Female', 96, '1958-04-01', 'Tokyo', NULL, NULL, 'author/hiromi_kawakami.jpg'),
(32, 'Risa', 'Wataya', 'Female', 96, '1984-02-01', 'Kyoto', NULL, NULL, 'author/risa_wataya.jpg'),
(33, 'Eiichirō ', 'Oda', 'Male', 96, '1975-01-01', 'Kumamoto', NULL, NULL, 'author/eiichiro_oda.jpg'),
(34, 'Hiro', 'Mashima', 'Male', 96, '1977-05-03', 'Nagano', NULL, NULL, 'author/hiro_mashima.jpg'),
(35, 'Rosa', 'Montero', 'Female', 173, '1951-01-03', 'Madrid', NULL, NULL, 'author/rosa_montero.jpg'),
(36, 'Anne', 'Brontë', 'Female', 173, '1820-01-17', 'Thornton', '1849-05-28', 'Scarborough', 'author/anna_bronte.jpg'),
(37, 'Nazar', 'Mordvinov', 'Male', 153, '1980-05-05', 'Moscow', NULL, NULL, 'author/nazar_mordvinov.jpg'),
(38, 'Catherine', 'Artemyeva', 'Female', 153, '1886-01-30', 'Samara', '1930-02-12', 'Krasnodar', 'author/catherine_artemyveva.jpg'),
(39, 'Stella', 'Golubova', 'Female', 153, '1901-02-11', 'Izhevsk', '1947-03-16', 'Moscow', 'author/stella_golubova.jpg'),
(40, 'Iskander', 'Efimov', 'Male', 153, '1988-11-19', 'Tver', NULL, NULL, 'author/iskander_efimov.jpg');

-- --------------------------------------------------------

--
-- Struttura della tabella `nationality`
--

CREATE TABLE `nationality` (
  `id` int(11) NOT NULL,
  `nation_name` varchar(30) NOT NULL
) ENGINE=InnoDB DEFAULT CHARSET=utf8;

--
-- Dump dei dati per la tabella `nationality`
--

INSERT INTO `nationality` (`id`, `nation_name`) VALUES
(1, 'Afghan'),
(2, 'Albanian'),
(3, 'Algerian'),
(4, 'American'),
(5, 'Andorran'),
(6, 'Angolan'),
(7, 'Antiguans'),
(8, 'Argentinean'),
(9, 'Armenian'),
(10, 'Australian'),
(11, 'Austrian'),
(12, 'Azerbaijani'),
(13, 'Bahamian'),
(14, 'Bahraini'),
(15, 'Bangladeshi'),
(16, 'Barbadian'),
(17, 'Barbudans'),
(18, 'Batswana'),
(19, 'Belarusian'),
(20, 'Belgian'),
(21, 'Belizean'),
(22, 'Beninese'),
(23, 'Bhutanese'),
(24, 'Bolivian'),
(25, 'Bosnian'),
(26, 'Brazilian'),
(27, 'British'),
(28, 'Bruneian'),
(29, 'Bulgarian'),
(30, 'Burkinabe'),
(31, 'Burmese'),
(32, 'Burundian'),
(33, 'Cambodian'),
(34, 'Cameroonian'),
(35, 'Canadian'),
(36, 'Cape Verdean'),
(37, 'Central African'),
(38, 'Chadian'),
(39, 'Chilean'),
(40, 'Chinese'),
(41, 'Colombian'),
(42, 'Comoran'),
(43, 'Congolese'),
(44, 'Congolese'),
(45, 'Costa Rican'),
(46, 'Croatian'),
(47, 'Cuban'),
(48, 'Cypriot'),
(49, 'Czech'),
(50, 'Danish'),
(51, 'Djibouti'),
(52, 'Dominican'),
(53, 'Dominican'),
(54, 'Dutch'),
(55, 'Dutchman'),
(56, 'Dutchwoman'),
(57, 'East Timorese'),
(58, 'Ecuadorean'),
(59, 'Egyptian'),
(60, 'Emirian'),
(61, 'Equatorial Guinean'),
(62, 'Eritrean'),
(63, 'Estonian'),
(64, 'Ethiopian'),
(65, 'Fijian'),
(66, 'Filipino'),
(67, 'Finnish'),
(68, 'French'),
(69, 'Gabonese'),
(70, 'Gambian'),
(71, 'Georgian'),
(72, 'German'),
(73, 'Ghanaian'),
(74, 'Greek'),
(75, 'Grenadian'),
(76, 'Guatemalan'),
(77, 'Guinea-Bissauan'),
(78, 'Guinean'),
(79, 'Guyanese'),
(80, 'Haitian'),
(81, 'Herzegovinian'),
(82, 'Honduran'),
(83, 'Hungarian'),
(84, 'I-Kiribati'),
(85, 'Icelander'),
(86, 'Indian'),
(87, 'Indonesian'),
(88, 'Iranian'),
(89, 'Iraqi'),
(90, 'Irish'),
(91, 'Irish'),
(92, 'Israeli'),
(93, 'Italian'),
(94, 'Ivorian'),
(95, 'Jamaican'),
(96, 'Japanese'),
(97, 'Jordanian'),
(98, 'Kazakhstani'),
(99, 'Kenyan'),
(100, 'Kittian and Nevisian'),
(101, 'Kuwaiti'),
(102, 'Kyrgyz'),
(103, 'Laotian'),
(104, 'Latvian'),
(105, 'Lebanese'),
(106, 'Liberian'),
(107, 'Libyan'),
(108, 'Liechtensteiner'),
(109, 'Lithuanian'),
(110, 'Luxembourger'),
(111, 'Macedonian'),
(112, 'Malagasy'),
(113, 'Malawian'),
(114, 'Malaysian'),
(115, 'Maldivan'),
(116, 'Malian'),
(117, 'Maltese'),
(118, 'Marshallese'),
(119, 'Mauritanian'),
(120, 'Mauritian'),
(121, 'Mexican'),
(122, 'Micronesian'),
(123, 'Moldovan'),
(124, 'Monacan'),
(125, 'Mongolian'),
(126, 'Moroccan'),
(127, 'Mosotho'),
(128, 'Motswana'),
(129, 'Mozambican'),
(130, 'Namibian'),
(131, 'Nauruan'),
(132, 'Nepalese'),
(133, 'Netherlander'),
(134, 'New Zealander'),
(135, 'Ni-Vanuatu'),
(136, 'Nicaraguan'),
(137, 'Nigerian'),
(138, 'Nigerien'),
(139, 'North Korean'),
(140, 'Northern Irish'),
(141, 'Norwegian'),
(142, 'Omani'),
(143, 'Pakistani'),
(144, 'Palauan'),
(145, 'Panamanian'),
(146, 'Papua New Guinean'),
(147, 'Paraguayan'),
(148, 'Peruvian'),
(149, 'Polish'),
(150, 'Portuguese'),
(151, 'Qatari'),
(152, 'Romanian'),
(153, 'Russian'),
(154, 'Rwandan'),
(155, 'Saint Lucian'),
(156, 'Salvadoran'),
(157, 'Samoan'),
(158, 'San Marinese'),
(159, 'Sao Tomean'),
(160, 'Saudi'),
(161, 'Scottish'),
(162, 'Senegalese'),
(163, 'Serbian'),
(164, 'Seychellois'),
(165, 'Sierra Leonean'),
(166, 'Singaporean'),
(167, 'Slovakian'),
(168, 'Slovenian'),
(169, 'Solomon Islander'),
(170, 'Somali'),
(171, 'South African'),
(172, 'South Korean'),
(173, 'Spanish'),
(174, 'Sri Lankan'),
(175, 'Sudanese'),
(176, 'Surinamer'),
(177, 'Swazi'),
(178, 'Swedish'),
(179, 'Swiss'),
(180, 'Syrian'),
(181, 'Taiwanese'),
(182, 'Tajik'),
(183, 'Tanzanian'),
(184, 'Thai'),
(185, 'Togolese'),
(186, 'Tongan'),
(187, 'Trinidadian or Tobagonian'),
(188, 'Tunisian'),
(189, 'Turkish'),
(190, 'Tuvaluan'),
(191, 'Ugandan'),
(192, 'Ukrainian'),
(193, 'Uruguayan'),
(194, 'Uzbekistani'),
(195, 'Venezuelan'),
(196, 'Vietnamese'),
(197, 'Welsh'),
(198, 'Yemenite'),
(199, 'Zambian'),
(200, 'Zimbabwean');

-- --------------------------------------------------------

--
-- Struttura della tabella `novel`
--

CREATE TABLE `novel` (
  `id` int(11) NOT NULL,
  `author` int(11) DEFAULT NULL,
  `original_title` varchar(300) CHARACTER SET utf8 COLLATE utf8_unicode_ci NOT NULL,
  `title` varchar(300) NOT NULL,
  `year_publication` int(11) NOT NULL,
  `description` text,
  `price` double(10,2) DEFAULT NULL,
  `isbn` varchar(15) DEFAULT NULL,
  `book_cover` text NOT NULL
) ENGINE=InnoDB DEFAULT CHARSET=utf8;

--
-- Dump dei dati per la tabella `novel`
--

INSERT INTO `novel` (`id`, `author`, `original_title`, `title`, `year_publication`, `description`, `price`, `isbn`, `book_cover`) VALUES
(2, 3, 'Down and Out in Paris and London', 'Senza un soldo a Parigi e Londra', 1933, 'It is a memoir in two parts on the theme of poverty in the two cities. Its target audience was the middle and upper class members of society—those who were more likely to be well educated—and it exposes the poverty existing in two prosperous cities: Paris and London.', 18.00, '9781549921537', 'book_cover\\george_orwell\\down_and_out.jpg'),
(15, 3, 'Burmese Days', 'Giorni in Birmania', 1934, 'Burmese Days is set in 1920s British Burma, in the fictional district of Kyauktada, based on Kathar (formerly spelled Katha), a town where Orwell served. Like the fictional town, it is the head of a branch railway line above Mandalay on the Ayeyarwady (Irrawaddy) River. As the story opens, U Po Kyin, a corrupt Burmese magistrate, is planning to destroy the reputation of the Indian, Dr Veraswami. The doctor hopes for help from his friend John Flory who, as a pukka sahib (European white man), has higher prestige. Dr Veraswami also desires election to the town s European Club, of which Flory is a member, expecting that good standing among the Europeans will protect him from U Po Kyin s intrigues. U Po Kyin begins a campaign to persuade the Europeans that the doctor holds anti-British opinions in the belief that anonymous letters with false stories about the doctor \"will work wonders\". He even sends a threatening letter to Flory.', 22.00, '9781549923418', 'book_cover\\george_orwell\\burmese_days.jpg'),
(16, 3, 'A Clergyman s Daughter', 'La figlia del reverendo', 1935, 'story of Dorothy Hare, the clergyman daughter of the title, whose life is turned upside down when she suffers an attack of amnesia. ', 11.00, '9781549922497', 'book_cover\\george_orwell\\a_clergyman_daughter.jpg'),
(17, 3, 'Keep the Aspidistra flying', 'Fiorirà l aspidistra', 1936, 'Gordon Comstock has declared war on what he sees as an  overarching dependence  on money by leaving a promising job as a copywriter for an advertising company called  New Albion —at which he shows great dexterity—and taking a low-paying job instead, ostensibly so he can write poetry. Coming from a respectable family background in which the inherited wealth has now become dissipated, Gordon resents having to work for a living. The war (and the poetry), however, aren t going particularly well and, under the stress of his self-imposed exile from affluence, Gordon has become absurd, petty and deeply neurotic.', 19.00, '9781549922527', 'book_cover\\george_orwell\\keep_the_aspidistra_flyng.jpg'),
(18, 3, 'The Road to Wigan Pier', 'La strada di Wigan Pier ', 1937, ' The first half of this work documents his sociological investigations of the bleak living conditions among the working class in Lancashire and Yorkshire in the industrial north of England before World War II.', 15.00, '9781549923104', 'book_cover\\george_orwell\\the_road_to_wigan_pier.jpg'),
(19, 3, 'Homage to Catalonia', ' Omaggio alla Catalogna', 1938, 'tells real stories of the experiences of common soldiers. Almost all the characters are, like Orwell, infantry soldiers. They are severed from the rest of society. Orwell has difficulty taking leave of the life he knows in the trenches, even after just three months.', 15.00, '9781549922824', 'book_cover\\george_orwell\\homage_to_catalonia.jpg'),
(20, 3, 'Coming Up for Air', 'Una boccata d naria', 1939, 'The story follows George Bowling, a 45-year-old husband, father, and insurance salesman, who foresees World War II and attempts to recapture idyllic childhood innocence and escape his dreary life by returning to Lower Binfield, his birthplace.', 26.00, '9781549921568', 'book_cover\\george_orwell\\coming_up_for_air.jpg'),
(21, 3, 'Animal Farm', 'La fattoria degli animali', 1944, ' story of a group of farm animals who rebel against their human farmer, hoping to create a society where the animals can be equal, free, and happy. Ultimately, the rebellion is betrayed, and the farm ends up in a state as bad as it was before, under the dictatorship of a pig named Napoleon.', 22.00, '9781549922046', 'book_cover\\george_orwell\\animal_farm.jpg'),
(22, 3, 'Nineteen Eighty-Four', '1984', 1948, 'n 1984, civilisation has been ravaged by world war, civil conflict, and revolution. Airstrip One (formerly known as Great Britain) is a province of Oceania, one of the three totalitarian super-states that rule the world. It is ruled by \"The Party\" under the ideology of \"Ingsoc\" (a Newspeak shortening of \"English Socialism\") and the mysterious leader Big Brother, who has an intense cult of personality. The Party brutally purges out anyone who does not fully conform to their regime, using the Thought Police and constant surveillance through telescreens (two-way televisions), cameras, and hidden microphones. Those who fall out of favour with the Party become \"unpersons\", disappearing with all evidence of their existence destroyed.', 28.00, '9781549922985', 'book_cover\\george_orwell\\nineteen_eighty_four.jpg'),
(23, 3, 'A Smoking-Room Story', ' Una storia da fumo', 1949, 'At the time the series was made, smoking was prohibited in the offices of most British companies, but there was often a room in the building that smokers could use during work hours.', 30.00, '9781549923449', 'book_cover\\george_orwell\\a_smoking_room.jpg'),
(24, 4, 'The Posthumous Papers of the Pickwick Club', ' Il Circolo Pickwick', 1836, 'The story follows Samuel Pickwick and three other members of The Pickwick Club as they travel throughout the English countryside by coach observing the phenomena of life and human nature, and recording their experiences for the other members of The Pickwick Club.', 10.00, '9781549923364', 'book_cover\\charles_dickens\\pickwick_club.jpg'),
(25, 4, 'The Adventures of Oliver Twist', 'Le avventure di Oliver Twist ', 1839, 'Oliver Twist is a young orphan. His life in the workhouse is lonely and sad. Oliver becomes an apprentice for an undertaker but runs away after he gets into a fight with another apprentice. When Oliver arrives in London, he meets Jack, also known as the Artful Dodger, who offers him a place to stay.', 15.00, '9781549922862', 'book_cover\\charles_dickens\\oliver_twist.jpg'),
(26, 4, 'The Life and Adventures of Nicholas Nickleby', 'Nicholas Nickleby', 1839, 'When Nicholas Nickleby is left penniless after his father’s death, he appeals to his wealthy uncle to help him find work and to protect his mother and sister. But Ralph Nickleby proves both hard-hearted and unscrupulous, and Nicholas finds himself forced to make his own way in the world.', 20.00, '9781549922404', 'book_cover\\charles_dickens\\the_adventure_of nicholas_nickleb.jpg'),
(27, 4, 'The Old Curiosity Shop', 'La bottega dell antiquario', 1840, 'Story of Nell Trent, a beautiful and virtuous young girl of \"not quite fourteen\". An orphan, she lives with her maternal grandfather (whose name is never revealed) in his shop of odds and ends.', 20.00, '9781549922251', 'book_cover\\charles_dickens\\the_old_curiosity_shop.jpg'),
(28, 4, 'Barnaby Rudge', 'Barnaby Rudge', 1841, 'In a case of mistaken identity, Barnaby Rudge, the intellectually disabled son of a murderer, is arrested as a leader of a mob of anti-Catholic rioters. Although he is subsequently jailed and sentenced to death, he is pardoned at the scaffold.', 15.00, '9781549923371', 'book_cover\\charles_dickens\\barnaby_rudge.jpg'),
(29, 4, 'The Life and Adventures of Martin Chuzzlewit', 'Martin Chuzzlewit', 1844, 'Martin Chuzzlewit has been raised by his grandfather and namesake. Years before Martin senior took the precaution of raising an orphaned girl, Mary Graham, to be his companion and nursemaid, with the understanding that she will receive income from him only as long as Martin senior lives. Old Martin considers that this gives her a motive to keep him alive, in contrast to his relatives, who want to inherit his money. His grandson Martin falls in love with Mary and wishes to marry her, conflicting with Old Martin plans. Martin and his grandfather argue, each too proud to yield to a resolution. Martin leaves home to live on his own and old Martin disinherits him.', 15.00, '9781549923425', 'book_cover\\charles_dickens\\martin_chuzzlewit.jpg'),
(30, 4, 'Dombey and Son', ' Dombey e Figlio ', 1848, 'The story concerns Paul Dombey, the wealthy owner of the shipping company of the books title, whose dream is to have a son to continue his business. The book begins when his son is born and Dombeys wife dies shortly after giving birth. Following the advice of Mrs Louisa Chick, his sister, Dombey employs a wet nurse named Mrs Richards (Toodle). Dombey already has a six-year-old daughter Florence, but, bitter at her not having been the desired boy, he neglects her continually. One day, Mrs Richards, Florence, and her maid, Susan Nipper, secretly pay a visit to Mrs Richards house in Staggs  Gardens so that Mrs Richards can see her children. During this trip, Florence becomes separated from them and is kidnapped for a short time by Good Mrs Brown, before being returned to the streets. She makes her way to Dombey and Son offices in the City and there is found and brought home by Walter Gay, an employee of Mr Dombey, who first introduces her to his uncle, the navigation instrument maker Solomon Gills, at his shop The Wooden Midshipman.', 15.00, '9781549922329', 'book_cover\\charles_dickens\\dombey_and_son.jpg'),
(31, 4, 'David Copperfield', ' David Copperfield', 1850, 'Follows the life of David Copperfield from childhood to maturity. David was born in Blunderstone, Suffolk, England, six months after the death of his father. David spends his early years in relative happiness with his loving, childish mother and their kindly housekeeper, Clara Peggotty. They call him Davy.', 26.00, '9781549921674', 'book_cover\\charles_dickens\\david_copperfield.jpg'),
(32, 4, 'Bleak House', 'Casa Desolata', 1853, 'Story of the Jarndyce family, who wait in vain to inherit money from a disputed fortune in the settlement of the extremely long-running lawsuit of Jarndyce and Jarndyce', 11.00, '9781549922336', 'book_cover\\charles_dickens\\blenk_house.jpg'),
(33, 4, 'Hard Times', 'Tempi difficili', 1854, 'Thomas Gradgrind, a wealthy, retired merchant in the industrial city of Coketown, England, devotes his life to a philosophy of rationalism, self-interest, and fact. He raises his oldest children, Louisa and Tom, according to this philosophy and never allows them to engage in fanciful or imaginative pursuits.', 20.00, '9781549921704', 'book_cover\\charles_dickens\\hard_times.jpg'),
(34, 4, 'Little Dorrit', 'La piccola Dorrit', 1857, 'Amy and her family world is transformed when her boss son, Arthur Clennam, returns from overseas to solve his family mysterious legacy and discovers that their lives are interlinked. Little Dorrit was born in the Marshalsea prison in London, where debtors were confined years ago.', 20.00, '9781549922459', 'book_cover\\charles_dickens\\little_dorrit.jpg'),
(35, 4, 'A Tale of Two Cities', 'Racconto di due città', 1859, 'The novel tells the story of the French Doctor Manette, his 18-year-long imprisonment in the Bastille in Paris, and his release to live in London with his daughter Lucie whom he had never met. The story is set against the conditions that led up to the French Revolution and the Reign of Terror.', 20.00, '9781549923487', 'book_cover\\charles_dickens\\a_tale_of_two_cities.jpg'),
(36, 4, 'Great Expectations', 'Grandi speranze', 1860, 'Great Expectations follows the childhood and young adult years of Pip a blacksmith apprentice in a country village. He suddenly comes into a large fortune (his great expectations) from a mysterious benefactor and moves to London where he enters high society.', 18.00, '9781549922213', 'book_cover\\charles_dickens\\gone_astray.jpg'),
(37, 4, 'Our Mutual Friend', 'Il nostro comune amico', 1865, 'Intertwining tales of love, greed, and secret identities in Charles Dickens 1860s London. The tongues of London high society gossips begin to wag when John Harmon --a young man whose inheritance depends on his marrying a woman he has never met-- is found dead in the River Thames.', 18.00, '9781549922121', 'book_cover\\charles_dickens\\our_mutal_friend.jpg'),
(38, 4, 'The Mystery of Edwin Drood', 'Il mistero di Edwin Drood', 1870, 'John Jasper, a brooding, moody choirmaster at a finishing school in Victorian England, maintains a secret life that includes frequenting an opium den. His tortured mind becomes obsessed with a young student, Rosa Bud, who is engaged to his nephew Edwin Drood.', 18.00, '9781549923043', 'book_cover\\charles_dickens\\the_mistery.jpg'),
(39, 4, 'The Cricket on the Hearth', 'Il grillo del focolare', 1843, 'A cricket seeks to rescue a poor toymaker and his blind daughter from an exploitative miser. A delightful, animated musical version of Charles Dickens classic tale. A Cricket on the Hearth, tells the story of a poor toymaker and his daughter whom a helpful Cricket named Crocket befriends on Christmas morning.', 5.00, '9781549922091', 'book_cover\\charles_dickens\\the_cricket_on_the hearth.jpg'),
(40, 4, 'A Christmas Carol', 'Canto di Natale', 1844, 'A Christmas Carol recounts the story of Ebenezer Scrooge, an elderly miser who is visited by the ghost of his former business partner Jacob Marley and the spirits of Christmas Past, Present and Yet to Come.', 5.00, '9781549922350', 'book_cover\\charles_dickens\\a_chrismas_carol.jpg'),
(41, 4, 'The Chimes', 'Le campane', 1845, 'The story of The Chimes concerns a working class man who comes to believe that he is worthless and worries that working-class people are wicked by nature. On New Year Eve, some goblins show him visions of what will become of his loved ones if they are allowed to continue believing that they are worthless and wicked.', 5.00, '9781549922411', 'book_cover\\charles_dickens\\the_chimes.jpg'),
(42, 4, 'The Battle of Life', 'La battaglia della vita', 1846, 'Dr Jeddler is a man whose philosophy is to treat life as a farce. Marion, the younger sister, is betrothed to Alfred Heathfield, Jeddler  ward who is leaving the village to complete his studies. He entrusts Marion to Grace care and makes a promise to return to win Marion hand.', 30.00, '9781549922145', 'book_cover\\charles_dickens\\the_battle_of_life.jpg'),
(43, 4, 'The Haunted Man and the Ghosts Bargain', 'Il patto col fantasma', 1848, 'Redlaw is haunted by a spirit which is his own ghostly double, looking and dressing exactly like the professor. The ghost tells Redlaw that it can take away his painful memories. Redlaw is hesitant at first but eventually accepts the ghost offer and forgets all the wrongs that were done to him in the past.', 45.00, '9781549922831', 'book_cover\\charles_dickens\\the_haunted_man.jpg'),
(44, 4, 'The Child Story', 'Storia di un bambino', 1852, 'This is a story of the life journey of one man, from childhood to old age. At each stage of his life, the person engaged in normative behavior for his age: play, study, build a family, obtain a job, and cope with the loss of loved ones.', 26.00, '9781549922602', 'book_cover\\charles_dickens\\the_child_story.jpg'),
(45, 4, 'Nobody Story', 'Storia di Nessuno', 1853, 'Lorem ipsum dolor sit amet, consectetur adipisci elit, sed eiusmod tempor incidunt ut labore et dolore magna aliqua. Ut enim ad minim veniam, quis nostrum exercitationem ullam corporis suscipit laboriosam, nisi ut aliquid ex ea commodi consequatur. Quis aute iure reprehendLorem ipsum dolor sit amet, consectetur adipisci elit, sed eiusmod tempor incidunt ut labore et dolore magna aliqua. Ut enim ad minim veniam, quis nostrum exercitationem ullam corporis suscipit laboriosam, nisi ut aliquid ex ea commodi consequatur. Quis aute iure reprehend', 20.00, '9781549922558', 'book_cover\\charles_dickens\\nobody_story.jpg'),
(46, 4, 'Gone Astray', 'Perdersi a Londra', 1853, 'The DAs office has to deal with a drug-related murder by two young teenage boys who have been trained as assassins by a Mexican drug cartel. Detectives Lupo and Bernard investigate the shooting murder of Nina Wilshire, who was found dead in her apartment.', 15.00, '9781549922534', 'book_cover\\charles_dickens\\gone_astray.jpg'),
(47, 5, 'Jane Eyre', 'Jane Eyre', 1847, 'Lorem ipsum dolor sit amet, consectetur adipisci elit, sed eiusmod tempor incidunt ut labore et dolore magna aliqua. Ut enim ad minim veniam, quis nostrum exercitationem ullam corporis suscipit laboriosam, nisi ut aliquid ex ea commodi consequatur. Quis aute iure reprehendLorem ipsum dolor sit amet, consectetur adipisci elit, sed eiusmod tempor incidunt ut labore et dolore magna aliqua. Ut enim ad minim veniam, quis nostrum exercitationem ullam corporis suscipit laboriosam, nisi ut aliquid ex ea commodi consequatur. Quis aute iure reprehend', 10.00, '9781549923326', 'book_cover\\charlotte_bronte\\jane_eyre.jpg'),
(48, 5, 'Shirley', 'Shirley', 1849, 'Lorem ipsum dolor sit amet, consectetur adipisci elit, sed eiusmod tempor incidunt ut labore et dolore magna aliqua. Ut enim ad minim veniam, quis nostrum exercitationem ullam corporis suscipit laboriosam, nisi ut aliquid ex ea commodi consequatur. Quis aute iure reprehendLorem ipsum dolor sit amet, consectetur adipisci elit, sed eiusmod tempor incidunt ut labore et dolore magna aliqua. Ut enim ad minim veniam, quis nostrum exercitationem ullam corporis suscipit laboriosam, nisi ut aliquid ex ea commodi consequatur. Quis aute iure reprehend', 15.00, '9781549922473', 'book_cover\\charlotte_bronte\\shirley.jpg'),
(49, 5, 'Villette', 'Villette', 1853, 'Lorem ipsum dolor sit amet, consectetur adipisci elit, sed eiusmod tempor incidunt ut labore et dolore magna aliqua. Ut enim ad minim veniam, quis nostrum exercitationem ullam corporis suscipit laboriosam, nisi ut aliquid ex ea commodi consequatur. Quis aute iure reprehendLorem ipsum dolor sit amet, consectetur adipisci elit, sed eiusmod tempor incidunt ut labore et dolore magna aliqua. Ut enim ad minim veniam, quis nostrum exercitationem ullam corporis suscipit laboriosam, nisi ut aliquid ex ea commodi consequatur. Quis aute iure reprehend', 15.00, '9781549923265', 'book_cover\\charlotte_bronte\\villette.jpg'),
(50, 5, 'The Professor', 'Il Professore', 1857, 'Lorem ipsum dolor sit amet, consectetur adipisci elit, sed eiusmod tempor incidunt ut labore et dolore magna aliqua. Ut enim ad minim veniam, quis nostrum exercitationem ullam corporis suscipit laboriosam, nisi ut aliquid ex ea commodi consequatur. Quis aute iure reprehendLorem ipsum dolor sit amet, consectetur adipisci elit, sed eiusmod tempor incidunt ut labore et dolore magna aliqua. Ut enim ad minim veniam, quis nostrum exercitationem ullam corporis suscipit laboriosam, nisi ut aliquid ex ea commodi consequatur. Quis aute iure reprehend', 20.00, '9781549922794', 'book_cover\\charlotte_bronte\\the_professor.jpg'),
(51, 5, 'Emma', 'Emma', 1853, 'Lorem ipsum dolor sit amet, consectetur adipisci elit, sed eiusmod tempor incidunt ut labore et dolore magna aliqua. Ut enim ad minim veniam, quis nostrum exercitationem ullam corporis suscipit laboriosam, nisi ut aliquid ex ea commodi consequatur. Quis aute iure reprehendLorem ipsum dolor sit amet, consectetur adipisci elit, sed eiusmod tempor incidunt ut labore et dolore magna aliqua. Ut enim ad minim veniam, quis nostrum exercitationem ullam corporis suscipit laboriosam, nisi ut aliquid ex ea commodi consequatur. Quis aute iure reprehend', 40.00, '9781549922596', 'book_cover\\charlotte_bronte\\emma.jpg'),
(52, 6, 'Roverandom', 'Roverandom', 1925, 'The story tells of the adventures of the dog Rover who is turned into a toy by the wizard Artaxerxes. Rover goes on adventures to the moon and the bottom of the Deep Blue Sea on his quest to undo his bewitchment.', 20.00, '9781549922398', 'book_cover\\j_tolkien\\roverrandom.jpg'),
(53, 6, 'Tree and Leaf', 'Albero e foglia', 1964, 'Tree and Leaf was the first publication in which On Fairy-Stories and Leaf by Niggle became readily available to the general public. The book was originally illustrated by Pauline Baynes.', 15.00, '9781549922930', 'book_cover\\j_tolkien\\tree_and_leaf.jpg'),
(54, 6, 'Silmarillion ', 'Il Silmarillion ', 1977, 'The events described in The Silmarillion, as in J. R. R. Tolkien other Middle-earth writings, were meant to have taken place at some time in Earth past.[T 3] In keeping with this idea, The Silmarillion was supposedly translated from Bilbo three-volume Translations from the Elvish, which he wrote while at Rivendell.[T 4] The book covers the history of the world, Arda, up to the Third Age, in its five sections', 50.00, '9781549921766', 'book_cover\\j_tolkien\\the_silmarillion.jpg'),
(55, 6, 'Hobbit', 'Lo Hobbit', 1937, 'Gandalf tricks Bilbo Baggins into hosting a party for Thorin Oakenshield and his band of twelve dwarves (Dwalin, Balin, Kili, Fili, Dori, Nori, Ori, Oin, Gloin, Bifur, Bofur, and Bombur), who sing of reclaiming their ancient home, Lonely Mountain, and its vast treasure from the dragon Smaug. When the music ends, Gandalf unveils Thrór map showing a secret door into the Mountain and proposes that the dumbfounded Bilbo serve as the expedition \"burglar\". The dwarves ridicule the idea, but Bilbo, indignant, joins despite himself.', 25.00, '9781549923456', 'book_cover\\j_tolkien\\the_hobbit.jpg'),
(56, 6, 'Farmer Giles of Ham', 'Il cacciatore di draghi', 1949, 'Farmer Giles (Ægidius Ahenobarbus Julius Agricola de Hammo, \"Giles Redbeard Julius, Farmer of Ham\") is not a hero. He is fat and red-bearded and enjoys a slow, comfortable life. But a rather deaf and short-sighted giant blunders on to his land, and Giles manages to ward him away with a blunderbuss shot in his general direction. The people of the village cheer: Farmer Giles has become a hero. His reputation spreads across the kingdom, and he is rewarded by the King with a sword named Caudimordax (\"Tailbiter\")—which turns out to be a powerful weapon against dragons.', 12.00, '9781549921643', 'book_cover\\j_tolkien\\farmer_giles_of_ham.jpg'),
(57, 6, 'The History of Middle-earth', 'La storia della terra di mezzo', 1983, 'The series shows the development over time of Tolkien conception of Middle-earth as a fictional place with its own peoples, languages, and history, from his earliest notions of a \"mythology for England\" through to the development of the stories that make up The Silmarillion and The Lord of the Rings.', 20.00, '9781549922978', 'book_cover\\j_tolkien\\history_middle_hearth.jpg'),
(58, 6, 'Lord of the Rings', 'Il Signore degli Anelli', 1955, 'A fellowship of hobbits, elves, dwarfs, and men is formed to destroy the ring by casting it into the volcanic fires of the Crack of Doom, where it was forged. They are opposed on their harrowing mission by the evil Sauron and his Black Riders.', 25.00, '9781549922688', 'book_cover\\j_tolkien\\lord_of_ring.webp'),
(59, 6, 'Smith of Wootton Major', 'Il fabbro di Wootton Major', 1967, 'Short Description: Smith of Wootton Major is a short story by J. R. R. Tolkien about a boy who gets a fay-star in a slice of cake during the Twenty-Four Feast, and explores Faery during the time before the next Feast. The book was originally illustrated by Pauline Baynes.', 20.00, '9781549923258', 'book_cover\\j_tolkien\\smith.jpg'),
(60, 6, 'The Children of Húrin', 'I figli di Hurin', 1969, 'The story concentrates on a man of the House of Hador, Túrin Turambar, and his sister Niënor Níniel, who are cursed along with their father Húrin by the Dark Lord Morgoth. The events take place more than 6,500 years before the War of the Ring.', 20.00, '9781549921629', 'book_cover\\j_tolkien\\hurin.jpg'),
(61, 6, 'Sir Gawain and the Green Knight', 'Sir Gawain e il Cavaliere verde', 1970, 'Sir Gawain and the Green Knight follows a classic quest formula, with a knight receiving a challenge, going out on a journey to meet that challenge, and returning home to report on his quest. At Christmas, a knight who is completely green rides into King Arthur hall.', 60.00, '9781549923210', 'book_cover\\j_tolkien\\sir_gawin.jpg'),
(62, 8, 'Problem at Pollensa Bay', 'Intrigo alle Baleari', 1974, 'Lorem ipsum dolor sit amet, consectetur adipisci elit, sed eiusmod tempor incidunt ut labore et dolore magna aliqua. Ut enim ad minim veniam, quis nostrum exercitationem ullam corporis suscipit laboriosam, nisi ut aliquid ex ea commodi consequatur. Quis aute iure reprehendLorem ipsum dolor sit amet, consectetur adipisci elit, sed eiusmod tempor incidunt ut labore et dolore magna aliqua. Ut enim ad minim veniam, quis nostrum exercitationem ullam corporis suscipit laboriosam, nisi ut aliquid ex ea commodi consequatur. Quis aute iure reprehend', 10.00, '9781549922510', 'book_cover\\agatha_christie\\problem_at_pollensa.jpg'),
(63, 8, 'Poirot Investigates', 'Hercule Poirot indaga', 1924, 'Poirot Investigates is a short story collection written by English author Agatha Christie and first published in the UK by The Bodley Head in March 1924. In the eleven stories, famed eccentric detective Hercule Poirot solves a variety of mysteries involving greed, jealousy, and revenge.', 20.00, '9781549921872', 'book_cover\\agatha_christie\\poirot_investigates.jpg'),
(64, 8, 'Partners in Crime', 'Tommy e Tuppence', 1929, ', Tommy and Tuppence Beresford, solve mysteries and search for enemy spies in 1950s Britain. Set in the leafy suburbs of 1950s London, the Beresfords find themselves in need of some adventure in their lives.', 25.00, '9781549922206', 'book_cover\\agatha_christie\\parteners_in_crime.jpg'),
(65, 8, 'The Mysterious Mr Quin', 'Il misterioso signor Quin', 1930, 'Each chapter or story involves a separate mystery that is solved through the interaction between the characters of Mr Satterthwaite, a socialite, and the eponymous Mr Quin who appears almost magically at the most opportune moments and disappears just as mysteriously.', 10.00, '9781549922381', 'book_cover\\agatha_christie\\the_mysterious_mr_quin.jpg'),
(66, 8, 'Poirot Early Cases', 'I primi casi di Poirot', 1961, 'Lorem ipsum dolor sit amet, consectetur adipisci elit, sed eiusmod tempor incidunt ut labore et dolore magna aliqua. Ut enim ad minim veniam, quis nostrum exercitationem ullam corporis suscipit laboriosam, nisi ut aliquid ex ea commodi consequatur. Quis aute iure reprehendLorem ipsum dolor sit amet, consectetur adipisci elit, sed eiusmod tempor incidunt ut labore et dolore magna aliqua. Ut enim ad minim veniam, quis nostrum exercitationem ullam corporis suscipit laboriosam, nisi ut aliquid ex ea commodi consequatur. Quis aute iure reprehend', 15.00, '9781549922374', 'book_cover\\agatha_christie\\poirot_earply_cases.jpg'),
(67, 8, 'The Thirteen Problems', 'Miss Marple e i tredici problemi', 1932, 'As in some of her other short story collections (e.g. Partners in Crime), Christie employs an overarching narrative, making the book more like an episodic novel. There are three sets of narratives, though they themselves interrelate. The first set of six are stories told by the Tuesday Night Club, a random gathering of people at the house of Miss Marple. Each week the group tell tales of mystery, always solved by the female amateur detective from the comfort of her armchair. One of the guests is Sir Henry Clithering, an ex-Commissioner of Scotland Yard, and this allows Christie to resolve the story, with him usually pointing out that the criminals were caught.', 10.00, '9781549922428', 'book_cover\\agatha_christie\\the_thirteen_problems.jpg'),
(68, 8, 'The Hound of Death', 'Il segugio della morte', 1933, 'A young Englishman visiting Cornwall finds himself delving into the legend of a Belgian nun who is living as a refugee in the village. Possessed of supernatural powers, she is said to have caused her entire convent to explode when it was occupied by invading German soldiers during World War.', 10.00, '9781549921551', 'book_cover\\agatha_christie\\the_mound_of_death.jpg'),
(69, 8, 'Three Blind Mice', 'Tre topolini ciechi', 1950, 'During a blinding snowstorm, a homicidal maniac traps a small group of people in an isolated boarding house. Giles and Molly Davis have just inherited Monkswell Manor from Molly Aunt Katherine, and they have decided to open it as a guest house.', 15.00, '9781549922640', 'book_cover\\agatha_christie\\three_blind_mice.jpg'),
(70, 8, 'The Adventure of the Christmas Pudding', 'Il caso del dolce di Natale', 1955, 'When a priceless ruby, belonging to a Far Eastern prince, is stolen from him whilst he is on a visit to England, Poirot is asked to make a quiet investigation. The ruby was destined for the prince bride-to-be and a scandal must be avoided. Poirot does Christmas the English way, pursuing a case at the same time.', 10.00, '9781549922572', 'book_cover\\agatha_christie\\christmas_pudding.jpg'),
(71, 8, 'Double Sin', 'Appuntamento con la paura', 1960, 'Lorem ipsum dolor sit amet, consectetur adipisci elit, sed eiusmod tempor incidunt ut labore et dolore magna aliqua. Ut enim ad minim veniam, quis nostrum exercitationem ullam corporis suscipit laboriosam, nisi ut aliquid ex ea commodi consequatur. Quis aute iure reprehendLorem ipsum dolor sit amet, consectetur adipisci elit, sed eiusmod tempor incidunt ut labore et dolore magna aliqua. Ut enim ad minim veniam, quis nostrum exercitationem ullam corporis suscipit laboriosam, nisi ut aliquid ex ea commodi consequatur. Quis aute iure reprehend', 10.00, '9781549922060', 'book_cover\\agatha_christie\\double_sin.jpg'),
(72, 8, 'The Harlequin Tea Set', 'La casa dei sogni', 1997, 'Mr. Harley Quin helps a man save his loved ones from the greedy hand of murder. These and six other stories of danger and detection complete this stellar collection.', 15.00, '9781549923388', 'book_cover\\agatha_christie\\harlequin_set.jfif'),
(73, 9, 'Alice Adventures under Ground', 'Le avventure di Alice sottoterra', 1863, 'Alice Adventures Under Ground is a young girl who, on a hot summer afternoon, follows a talking white rabbit down its hole. She finds herself in a strange subterranean world where she encounters more talking animals, imaginary creatures and a deck of living playing cards.', 25.00, '9781549923036', 'book_cover\\lewis_carroll\\alice_in_wonderland.jpg'),
(74, 9, 'Through the Looking Glass and What Alice Found There', 'Attraverso lo specchio e quel che Alice vi trovò', 1871, ' Alice again enters a fantastical world, this time by climbing through a mirror into the world that she can see beyond it. There she finds that, just like a reflection, everything is reversed, including logic (for example, running helps one remain stationary, walking away from something brings one towards it, chessmen are alive, nursery rhyme characters exist, and so on).', 18.00, '9781549921995', 'book_cover\\lewis_carroll\\alice_through_the_looking_glass.jpg'),
(75, 9, 'A Tangled Tale', 'Una storia ingarbugliata', 1885, 'Lorem ipsum dolor sit amet, consectetur adipisci elit, sed eiusmod tempor incidunt ut labore et dolore magna aliqua. Ut enim ad minim veniam, quis nostrum exercitationem ullam corporis suscipit laboriosam, nisi ut aliquid ex ea commodi consequatur. Quis aute iure reprehendLorem ipsum dolor sit amet, consectetur adipisci elit, sed eiusmod tempor incidunt ut labore et dolore magna aliqua. Ut enim ad minim veniam, quis nostrum exercitationem ullam corporis suscipit laboriosam, nisi ut aliquid ex ea commodi consequatur. Quis aute iure reprehend', 30.00, '9781549921575', 'book_cover\\lewis_carroll\\a_tangled_tale.jpg'),
(76, 9, 'Sylvie e Bruno', 'Sylvie e Bruno', 1889, 'There are two strands to the plot: the conspiracy against the Warden of Outland, instigated by the Sub-Warden and Chancellor, and the love of a young doctor, Arthur, for Lady Muriel.', 43.00, '9781549922954', 'book_cover\\lewis_carroll\\sylvie_and_bruno.jpg'),
(77, 10, 'Matilda', 'Matilda', 1819, 'Lorem ipsum dolor sit amet, consectetur adipisci elit, sed eiusmod tempor incidunt ut labore et dolore magna aliqua. Ut enim ad minim veniam, quis nostrum exercitationem ullam corporis suscipit laboriosam, nisi ut aliquid ex ea commodi consequatur. Quis aute iure reprehendLorem ipsum dolor sit amet, consectetur adipisci elit, sed eiusmod tempor incidunt ut labore et dolore magna aliqua. Ut enim ad minim veniam, quis nostrum exercitationem ullam corporis suscipit laboriosam, nisi ut aliquid ex ea commodi consequatur. Quis aute iure reprehend', 10.00, '9781549923333', 'book_cover\\mary_shelley\\matilda.jpg'),
(78, 10, 'Maurice or the Fisher Coat', 'Maurice o La capanna del pescatore', 1820, ' tells the story of a boy searching for a home and his encounters with a traveller who turns out to be his long-lost father.', 5.00, '9781549923098', 'book_cover\\mary_shelley\\maurice.jpg'),
(79, 10, 'The Fortune of Perkin Warbeck', 'La fortuna di Perkin Warbeck', 1830, 'This historical novel, influenced by those of Sir Walter Scott, fictionalises the exploits of Perkin Warbeck, a pretender to the throne of King Henry VII who claimed to be Richard, Duke of York, the second son of King Edward IV. Shelley believed that Warbeck really was Richard and had escaped from the Tower of London.', 5.00, '9781549922183', 'book_cover\\mary_shelley\\the_fortunes.jpg'),
(80, 10, 'Lodore', 'Lodore', 1835, 'Lorem ipsum dolor sit amet, consectetur adipisci elit, sed eiusmod tempor incidunt ut labore et dolore magna aliqua. Ut enim ad minim veniam, quis nostrum exercitationem ullam corporis suscipit laboriosam, nisi ut aliquid ex ea commodi consequatur. Quis aute iure reprehendLorem ipsum dolor sit amet, consectetur adipisci elit, sed eiusmod tempor incidunt ut labore et dolore magna aliqua. Ut enim ad minim veniam, quis nostrum exercitationem ullam corporis suscipit laboriosam, nisi ut aliquid ex ea commodi consequatur. Quis aute iure reprehend', 5.00, '9781549922671', 'book_cover\\mary_shelley\\lodore.jpg'),
(81, 10, 'Falkner', 'Falkner', 1837, 'As a six-year-old orphan, Elizabeth Raby prevents Rupert Falkner from committing suicide; Falkner then adopts her and brings her up to be a model of virtue. However, she falls in love with Gerald Neville, whose mother Falkner had unintentionally driven to her death years before. When Falkner is finally acquitted of murdering Neville mother, Elizabeth female values subdue the destructive impulses of the two men she loves, who are reconciled and unite with Elizabeth in domestic harmony.', 10.00, '9781549923470', 'book_cover\\mary_shelley\\falkern.jpg'),
(82, 7, 'Night and Day', 'Notte e giorno', 1919, 'Katharine Hilbery, a young woman thinking of marriage and two potential husbands vying for her attention, and Mary Datchet, whose feelings for one of Katharine Hilbery love interests is not reciprocated. So far, so predictable. But this is a novel about failure', 20.00, '9781549921780', 'book_cover\\virginia_woolf\\night_and_day.jpg'),
(83, 7, 'Jacob Room', 'La stanza di Jacob', 1922, 'A lonely young man unable to synthesize his love of Classical culture with the chaotic reality of contemporary society, notably the turbulence of World War I.', 15.00, '9781549921698', 'book_cover\\virginia_woolf\\jacob_room.jpg'),
(84, 7, 'Mrs Dalloway', 'La signora Dalloway', 1925, ' It examines one day in the life of Clarissa Dalloway, an upper-class Londoner married to a member of Parliament.', 9.00, '9781549922022', 'book_cover\\virginia_woolf\\mrs_dallaway.jpg'),
(85, 7, 'To the Lighthouse', 'Al faro', 1927, 'To the Lighthouse is made up of three powerfully charged visions into the life of the Ramsay family, living in a summer house off the rocky coast of Scotland. There maternal Mrs. Ramsay, the highbrow Mr. Ramsay, their eight children, and assorted holiday guests.', 8.00, '9781549922961', 'book_cover\\virginia_woolf\\to_the_lighthouse.jpg'),
(86, 7, 'A Society', 'Una Società', 1934, 'In her story, Woolf imagines a society in which disheartened women went out and gauged the work that men have done to build and \"civilize\" the world while women have been rearing the children.', 10.00, '9781549922657', 'book_cover\\virginia_woolf\\a_society.jpg'),
(87, 7, 'Blue & Green', 'Verde e Blu', 1941, 'Lorem ipsum dolor sit amet, consectetur adipisci elit, sed eiusmod tempor incidunt ut labore et dolore magna aliqua. Ut enim ad minim veniam, quis nostrum exercitationem ullam corporis suscipit laboriosam, nisi ut aliquid ex ea commodi consequatur. Quis aute iure reprehendLorem ipsum dolor sit amet, consectetur adipisci elit, sed eiusmod tempor incidunt ut labore et dolore magna aliqua. Ut enim ad minim veniam, quis nostrum exercitationem ullam corporis suscipit laboriosam, nisi ut aliquid ex ea commodi consequatur. Quis aute iure reprehend', 11.00, '9781549921896', 'book_cover\\virginia_woolf\\blue_and_green.jpg'),
(88, 7, 'The Mark on the Wall', 'Il Segno Sul Muro', 1930, 'Lorem ipsum dolor sit amet, consectetur adipisci elit, sed eiusmod tempor incidunt ut labore et dolore magna aliqua. Ut enim ad minim veniam, quis nostrum exercitationem ullam corporis suscipit laboriosam, nisi ut aliquid ex ea commodi consequatur. Quis aute iure reprehendLorem ipsum dolor sit amet, consectetur adipisci elit, sed eiusmod tempor incidunt ut labore et dolore magna aliqua. Ut enim ad minim veniam, quis nostrum exercitationem ullam corporis suscipit laboriosam, nisi ut aliquid ex ea commodi consequatur. Quis aute iure reprehend', 15.00, '9781549921513', 'book_cover\\virginia_woolf\\mark_on_the_wall.jpg'),
(89, 7, 'The New Dress', 'Il nuovo abito', 1932, 'Mabel Waring arrives at Clarissa Dalloway  party and is instantly consumed by feelings of inadequacy and inferiority. These negative feelings are set off by concerns that her new dress in not appropriate for the occasion.', 19.00, '9781549921865', 'book_cover\\virginia_woolf\\new_dress.jpg'),
(90, 7, 'The Duchess and the Jeweller', 'La duchessa e il gioielliere', 1941, 'Shows the thoughts and actions of a greedy jeweller; Woolf makes a thematic point that corrupt people do corrupt actions for purely selfish motives (and often without regret)', 20.00, '9781549921759', 'book_cover\\virginia_woolf\\duchess_and_jeweller.jpg'),
(91, 20, 'Corona di squali', 'Corona di squali', 2018, 'Lorem ipsum dolor sit amet, consectetur adipisci elit, sed eiusmod tempor incidunt ut labore et dolore magna aliqua. Ut enim ad minim veniam, quis nostrum exercitationem ullam corporis suscipit laboriosam, nisi ut aliquid ex ea commodi consequatur. Quis aute iure reprehendLorem ipsum dolor sit amet, consectetur adipisci elit, sed eiusmod tempor incidunt ut labore et dolore magna aliqua. Ut enim ad minim veniam, quis nostrum exercitationem ullam corporis suscipit laboriosam, nisi ut aliquid ex ea commodi consequatur. Quis aute iure reprehend', 15.00, '9788874305070', 'book_cover\\marilena_milani\\corona_di_squali.jpg'),
(92, 20, 'Santuario', 'Santuario', 2018, 'Lorem ipsum dolor sit amet, consectetur adipisci elit, sed eiusmod tempor incidunt ut labore et dolore magna aliqua. Ut enim ad minim veniam, quis nostrum exercitationem ullam corporis suscipit laboriosam, nisi ut aliquid ex ea commodi consequatur. Quis aute iure reprehendLorem ipsum dolor sit amet, consectetur adipisci elit, sed eiusmod tempor incidunt ut labore et dolore magna aliqua. Ut enim ad minim veniam, quis nostrum exercitationem ullam corporis suscipit laboriosam, nisi ut aliquid ex ea commodi consequatur. Quis aute iure reprehend', 15.00, '9788874305315', 'book_cover\\marilena_milani\\sanctuary.jpg'),
(93, 20, 'La benedizione dell labastro', 'La benedizione dell labastro', 2020, 'Lorem ipsum dolor sit amet, consectetur adipisci elit, sed eiusmod tempor incidunt ut labore et dolore magna aliqua. Ut enim ad minim veniam, quis nostrum exercitationem ullam corporis suscipit laboriosam, nisi ut aliquid ex ea commodi consequatur. Quis aute iure reprehendLorem ipsum dolor sit amet, consectetur adipisci elit, sed eiusmod tempor incidunt ut labore et dolore magna aliqua. Ut enim ad minim veniam, quis nostrum exercitationem ullam corporis suscipit laboriosam, nisi ut aliquid ex ea commodi consequatur. Quis aute iure reprehend', 15.00, '9788874305049', 'book_cover\\marilena_milani\\la_benedizione_dell_labastro.jpg'),
(94, 20, ' Luna Piena', ' Luna Piena', 2021, 'Lorem ipsum dolor sit amet, consectetur adipisci elit, sed eiusmod tempor incidunt ut labore et dolore magna aliqua. Ut enim ad minim veniam, quis nostrum exercitationem ullam corporis suscipit laboriosam, nisi ut aliquid ex ea commodi consequatur. Quis aute iure reprehendLorem ipsum dolor sit amet, consectetur adipisci elit, sed eiusmod tempor incidunt ut labore et dolore magna aliqua. Ut enim ad minim veniam, quis nostrum exercitationem ullam corporis suscipit laboriosam, nisi ut aliquid ex ea commodi consequatur. Quis aute iure reprehend', 15.00, '9788874305247', 'book_cover\\marilena_milani\\luna_piena.jpg'),
(95, 21, 'Gli amici dei russi', 'Gli amici dei russi', 1977, 'Lorem ipsum dolor sit amet, consectetur adipisci elit, sed eiusmod tempor incidunt ut labore et dolore magna aliqua. Ut enim ad minim veniam, quis nostrum exercitationem ullam corporis suscipit laboriosam, nisi ut aliquid ex ea commodi consequatur. Quis aute iure reprehendLorem ipsum dolor sit amet, consectetur adipisci elit, sed eiusmod tempor incidunt ut labore et dolore magna aliqua. Ut enim ad minim veniam, quis nostrum exercitationem ullam corporis suscipit laboriosam, nisi ut aliquid ex ea commodi consequatur. Quis aute iure reprehend', 30.00, '9788874305100', 'book_cover\\benedetta_dellucci\\gli_amici_dei_russi.jpg'),
(96, 21, 'Il Pesce', 'Il Pesce', 1985, 'Lorem ipsum dolor sit amet, consectetur adipisci elit, sed eiusmod tempor incidunt ut labore et dolore magna aliqua. Ut enim ad minim veniam, quis nostrum exercitationem ullam corporis suscipit laboriosam, nisi ut aliquid ex ea commodi consequatur. Quis aute iure reprehendLorem ipsum dolor sit amet, consectetur adipisci elit, sed eiusmod tempor incidunt ut labore et dolore magna aliqua. Ut enim ad minim veniam, quis nostrum exercitationem ullam corporis suscipit laboriosam, nisi ut aliquid ex ea commodi consequatur. Quis aute iure reprehend', 30.00, '9788874305209', 'book_cover\\benedetta_dellucci\\il_pesce.jpg'),
(97, 21, 'Figlio del rumore', 'Figlio del rumore', 1985, 'Lorem ipsum dolor sit amet, consectetur adipisci elit, sed eiusmod tempor incidunt ut labore et dolore magna aliqua. Ut enim ad minim veniam, quis nostrum exercitationem ullam corporis suscipit laboriosam, nisi ut aliquid ex ea commodi consequatur. Quis aute iure reprehendLorem ipsum dolor sit amet, consectetur adipisci elit, sed eiusmod tempor incidunt ut labore et dolore magna aliqua. Ut enim ad minim veniam, quis nostrum exercitationem ullam corporis suscipit laboriosam, nisi ut aliquid ex ea commodi consequatur. Quis aute iure reprehend', 30.00, '9788874305285', 'book_cover\\benedetta_dellucci\\figlio_del_rumore.jpg'),
(98, 21, 'Figlia del silenzio', 'Figlia del silenzio', 1987, 'Lorem ipsum dolor sit amet, consectetur adipisci elit, sed eiusmod tempor incidunt ut labore et dolore magna aliqua. Ut enim ad minim veniam, quis nostrum exercitationem ullam corporis suscipit laboriosam, nisi ut aliquid ex ea commodi consequatur. Quis aute iure reprehendLorem ipsum dolor sit amet, consectetur adipisci elit, sed eiusmod tempor incidunt ut labore et dolore magna aliqua. Ut enim ad minim veniam, quis nostrum exercitationem ullam corporis suscipit laboriosam, nisi ut aliquid ex ea commodi consequatur. Quis aute iure reprehend', 30.00, '9788874305223', 'book_cover\\benedetta_dellucci\\figlia_del_silenzio.jpg'),
(99, 22, 'Il Buco', 'Il Buco', 1990, 'Lorem ipsum dolor sit amet, consectetur adipisci elit, sed eiusmod tempor incidunt ut labore et dolore magna aliqua. Ut enim ad minim veniam, quis nostrum exercitationem ullam corporis suscipit laboriosam, nisi ut aliquid ex ea commodi consequatur. Quis aute iure reprehendLorem ipsum dolor sit amet, consectetur adipisci elit, sed eiusmod tempor incidunt ut labore et dolore magna aliqua. Ut enim ad minim veniam, quis nostrum exercitationem ullam corporis suscipit laboriosam, nisi ut aliquid ex ea commodi consequatur. Quis aute iure reprehend', 5.00, '9788874305087', 'book_cover\\giada_marchesi\\il_buco.jpg'),
(100, 22, 'La sorella del globo terrestre', 'La sorella del globo terrestre', 1995, 'Lorem ipsum dolor sit amet, consectetur adipisci elit, sed eiusmod tempor incidunt ut labore et dolore magna aliqua. Ut enim ad minim veniam, quis nostrum exercitationem ullam corporis suscipit laboriosam, nisi ut aliquid ex ea commodi consequatur. Quis aute iure reprehendLorem ipsum dolor sit amet, consectetur adipisci elit, sed eiusmod tempor incidunt ut labore et dolore magna aliqua. Ut enim ad minim veniam, quis nostrum exercitationem ullam corporis suscipit laboriosam, nisi ut aliquid ex ea commodi consequatur. Quis aute iure reprehend', 12.00, '9788874305346', 'book_cover\\giada_marchesi\\la_sorella.jpg'),
(101, 22, 'Catene', 'Catene', 1998, 'Lorem ipsum dolor sit amet, consectetur adipisci elit, sed eiusmod tempor incidunt ut labore et dolore magna aliqua. Ut enim ad minim veniam, quis nostrum exercitationem ullam corporis suscipit laboriosam, nisi ut aliquid ex ea commodi consequatur. Quis aute iure reprehendLorem ipsum dolor sit amet, consectetur adipisci elit, sed eiusmod tempor incidunt ut labore et dolore magna aliqua. Ut enim ad minim veniam, quis nostrum exercitationem ullam corporis suscipit laboriosam, nisi ut aliquid ex ea commodi consequatur. Quis aute iure reprehend', 5.00, '9788874305155', 'book_cover\\giada_marchesi\\catene.jpg'),
(102, 14, 'Convivio', 'Convivio', 1307, 'Lorem ipsum dolor sit amet, consectetur adipisci elit, sed eiusmod tempor incidunt ut labore et dolore magna aliqua. Ut enim ad minim veniam, quis nostrum exercitationem ullam corporis suscipit laboriosam, nisi ut aliquid ex ea commodi consequatur. Quis aute iure reprehendLorem ipsum dolor sit amet, consectetur adipisci elit, sed eiusmod tempor incidunt ut labore et dolore magna aliqua. Ut enim ad minim veniam, quis nostrum exercitationem ullam corporis suscipit laboriosam, nisi ut aliquid ex ea commodi consequatur. Quis aute iure reprehend', 15.00, '9788874302543', 'book_cover\\dante_alighieri\\convivio.jpg'),
(103, 14, 'Divina Commedia', 'Divina Commedia', 1321, 'Lorem ipsum dolor sit amet, consectetur adipisci elit, sed eiusmod tempor incidunt ut labore et dolore magna aliqua. Ut enim ad minim veniam, quis nostrum exercitationem ullam corporis suscipit laboriosam, nisi ut aliquid ex ea commodi consequatur. Quis aute iure reprehendLorem ipsum dolor sit amet, consectetur adipisci elit, sed eiusmod tempor incidunt ut labore et dolore magna aliqua. Ut enim ad minim veniam, quis nostrum exercitationem ullam corporis suscipit laboriosam, nisi ut aliquid ex ea commodi consequatur. Quis aute iure reprehend', 80.00, '9788874301652', 'book_cover\\dante_alighieri\\divina_commedia.jpg'),
(104, 12, 'La coscienza di Zeno', 'La coscienza di Zeno', 1923, 'The novel is presented as a diary written by Zeno, published by his doctor (who claims that it is full of lies). The doctor has left a little note in the beginning, saying he had Zeno write an autobiography to help him in his psychoanalysis. The doctor has published the work as revenge for Zeno discontinuing his visits.', 15.00, '9788874304067', 'book_cover\\italo_svevo\\la_coscienza_di_zeno.jpg'),
(105, 12, 'Il primo amore', 'Il primo amore', 1880, 'Lorem ipsum dolor sit amet, consectetur adipisci elit, sed eiusmod tempor incidunt ut labore et dolore magna aliqua. Ut enim ad minim veniam, quis nostrum exercitationem ullam corporis suscipit laboriosam, nisi ut aliquid ex ea commodi consequatur. Quis aute iure reprehendLorem ipsum dolor sit amet, consectetur adipisci elit, sed eiusmod tempor incidunt ut labore et dolore magna aliqua. Ut enim ad minim veniam, quis nostrum exercitationem ullam corporis suscipit laboriosam, nisi ut aliquid ex ea commodi consequatur. Quis aute iure reprehend', 25.00, '9788874303786', 'book_cover\\italo_svevo\\primo_amore.jpg'),
(106, 12, 'Proditoriamente', 'Proditoriamente', 1883, 'Lorem ipsum dolor sit amet, consectetur adipisci elit, sed eiusmod tempor incidunt ut labore et dolore magna aliqua. Ut enim ad minim veniam, quis nostrum exercitationem ullam corporis suscipit laboriosam, nisi ut aliquid ex ea commodi consequatur. Quis aute iure reprehendLorem ipsum dolor sit amet, consectetur adipisci elit, sed eiusmod tempor incidunt ut labore et dolore magna aliqua. Ut enim ad minim veniam, quis nostrum exercitationem ullam corporis suscipit laboriosam, nisi ut aliquid ex ea commodi consequatur. Quis aute iure reprehend', 10.00, '9788874301515', 'book_cover\\italo_svevo\\proditoriamente.jpg'),
(107, 12, 'Il malocchio', 'Il malocchio', 1888, 'The protagonist of the story is Vincenzo Albagi, who since the age of twelve has dreamed of becoming emperor like Napoleon. He lives in a small provincial town with his parents. His father Geraldo is a wine merchant, a man satisfied with his bourgeois condition, who has been able to enrich himself and his family by doing business.', 20.00, '9788874302512', 'book_cover\\italo_svevo\\il_malocchio.jpg'),
(108, 12, 'Argo e il suo padrone', 'Argo e il suo padrone', 1901, 'Lorem ipsum dolor sit amet, consectetur adipisci elit, sed eiusmod tempor incidunt ut labore et dolore magna aliqua. Ut enim ad minim veniam, quis nostrum exercitationem ullam corporis suscipit laboriosam, nisi ut aliquid ex ea commodi consequatur. Quis aute iure reprehendLorem ipsum dolor sit amet, consectetur adipisci elit, sed eiusmod tempor incidunt ut labore et dolore magna aliqua. Ut enim ad minim veniam, quis nostrum exercitationem ullam corporis suscipit laboriosam, nisi ut aliquid ex ea commodi consequatur. Quis aute iure reprehend', 18.00, '9788874301454', 'book_cover\\italo_svevo\\argo_e_il_suo_padrone.jpg');
INSERT INTO `novel` (`id`, `author`, `original_title`, `title`, `year_publication`, `description`, `price`, `isbn`, `book_cover`) VALUES
(109, 12, 'Lo specifico del dottor Menghi', 'Lo specifico del dottor Menghi', 1904, 'Lorem ipsum dolor sit amet, consectetur adipisci elit, sed eiusmod tempor incidunt ut labore et dolore magna aliqua. Ut enim ad minim veniam, quis nostrum exercitationem ullam corporis suscipit laboriosam, nisi ut aliquid ex ea commodi consequatur. Quis aute iure reprehendLorem ipsum dolor sit amet, consectetur adipisci elit, sed eiusmod tempor incidunt ut labore et dolore magna aliqua. Ut enim ad minim veniam, quis nostrum exercitationem ullam corporis suscipit laboriosam, nisi ut aliquid ex ea commodi consequatur. Quis aute iure reprehend', 18.00, '9788874302727', 'book_cover\\italo_svevo\\lo_specifico_del_dottor_menghi.jpg'),
(111, 11, 'I promessi sposi', 'I promessi sposi', 1840, 'The novel deals with a variety of themes, from the illusory nature of political power to the inherent injustice of any legal system; from the cowardly, hypocritical nature of one prelate (the parish priest don Abbondio) and the heroic sainthood of other priests (the friar Padre Cristoforo, the cardinal Federico Borromeo), to the unwavering strength of love (the relationship between Renzo and Lucia, and their struggle to finally meet again and be married). The novel is renowned for offering keen insights into the meanderings of the human mind.', 30.00, '9788874304066', 'book_cover\\alessandro_manzoni\\promessi_sposi.jpg'),
(112, 15, 'Se questo è un uomo', 'Se questo è un uomo', 1947, 'is a memoir by Italian Jewish writer Primo Levi, first published in 1947. It describes his arrest as a member of the Italian anti-fascist resistance during the Second World War, and his incarceration in the Auschwitz concentration camp (Monowitz) from February 1944 until the camp was liberated on 27 January 1945.', 15.00, '9788874303595', 'book_cover\\primo_levi\\se_questo_e_un_uomo.jpg'),
(113, 15, 'La tregua', 'La tregua', 1963, 'The truce is a memoir by Primo Levi, a sequel to If This Is a Man, which describes the author experiences from the abandonment of Auschwitz (Monowitz) by the Germans with the arrival of the Soviet Red Army. It recounts the long journey of the Jewish deportee to return to Italy, to his hometown of Turin, with months of travel in Central-Eastern Europe.', 15.00, '9788874303366', 'book_cover\\primo_levi\\la_tregua.jpg'),
(114, 13, 'Il nome della rosa', 'Il nome della rosa', 1980, 'In 1327, Franciscan friar William of Baskerville and Adso of Melk, a Benedictine novice travelling under his protection, arrive at a Benedictine monastery in Northern Italy to attend a theological disputation. This abbey is being used as neutral ground in a dispute between Pope John XXII and the Franciscans, who are suspected of heresy. The monastery is disturbed by the death of Adelmo of Otranto, an illuminator revered for his illustrations. Adelmo was skilled at comical artwork, especially concerning religious matters. William is asked by the monastery abbot, Abo of Fossanova, to investigate the death: During his enquiry he has a debate with one of the oldest monks in the abbey, Jorge of Burgos, about the theological meaning of laughter, which Jorge despises.', 15.00, '9788874303212', 'book_cover\\umberto_eco\\il_nome_della_rosa.jpg'),
(115, 13, 'Il pendolo di Foucault', 'Il pendolo di Foucault', 1988, 'The book opens with a man named Casaubon[a] is hiding in the Musée des Arts et Métiers after closing. He believes that a secret society has kidnapped his friend Jacopo Belbo and are now after him, and will meet in the museum. As he waits, Casaubon reflects on his life that led him here, but it is implied he is an unreliable narrator whose mind has been warped by conspiracy theories.', 15.00, '9788874303540', 'book_cover\\umberto_eco\\focault_pendulum.jpg'),
(116, 13, 'La misteriosa fiamma della regina Loana', ' La misteriosa fiamma della regina Loana', 2004, 'The plot of the book concerns Yambo (full name: Giambattista Bodoni, just like the typographer Giambattista Bodoni), a 59-year-old Milanese antiquarian book dealer who loses his episodic memory due to a stroke. At the beginning of the novel, he can remember everything he has ever read but does not remember his family, his past, or even his own name. Yambo decides to go to Solara, his childhood home, parts of which he has abandoned following a family tragedy, to see if he can rediscover his lost past. After days of searching through old newspapers, vinyl records, books, magazines and childhood comic books, he is unsuccessful in regaining memories, though he relives the story of his generation and the society in which his dead parents and grandfather lived.', 25.00, '9788874302482', 'book_cover\\umberto_eco\\la_fiamma.jpg'),
(117, 13, 'Il cimitero di Praga', 'Il cimitero di Praga', 2010, 'The main character is Simone Simonini, a man whom Eco claims he has tried to make into the most cynical and disagreeable character in all the history of literature[2] (and is the only fictional character in the novel). He was born in Turin in 1830. His mother died while he was still a child and his father was killed in 1848 fighting for a united Italy. He is brought up by his grandfather, an old reactionary who houses Jesuit refugees and hates the Jews. He claims that the French Revolution was planned by the Knights Templar, the Bavarian Illuminati and the Jacobins, but he says behind them all were the Jews. Since he does not attend public school, Simonini is educated by Jesuits brought into his home at the behest of his grandfather. One such priest, Father Bergamaschi (a fictionalized portrait of the Italian Jesuit novelist Antonio Bresciani), teaches him the evils of secret societies, that, according to him, are no more than a cover for communism.', 22.00, '9788874303069', 'book_cover\\umberto_eco\\il_cimitero_di_praga.jpg'),
(118, 13, 'Numero zero', 'Numero zero', 2015, 'The story is told by Colonna, a hack journalist, now in his fifties, and a loser. He is hired by Simei to work on a newspaper called Domani (Tomorrow) that will never be published. The venture is financed by Commendator Vimercate, who owns a television channel, a dozen magazines and runs a chain of hotels and rest homes. The declared aim of the newspaper is to reveal the truth about everything, to publish all the news that  fit to print \"plus a little more,\" but Commendator Vimercate  true interest lies elsewhere. His \"zero issues\" will be seen by powerful figures high up in the world of finance and politics who dont want the truth to be revealed. They ll put pressure on Vimercate to close down the newspaper and, in return, will allow him into the inner sanctum of power.', 18.00, '9788874304004', 'book_cover\\umberto_eco\\numero_zero.jpg'),
(119, 13, 'Gli gnomi di Gnu', 'Gli gnomi di Gnu', 1992, 'Lorem ipsum dolor sit amet, consectetur adipisci elit, sed eiusmod tempor incidunt ut labore et dolore magna aliqua. Ut enim ad minim veniam, quis nostrum exercitationem ullam corporis suscipit laboriosam, nisi ut aliquid ex ea commodi consequatur. Quis aute iure reprehendLorem ipsum dolor sit amet, consectetur adipisci elit, sed eiusmod tempor incidunt ut labore et dolore magna aliqua. Ut enim ad minim veniam, quis nostrum exercitationem ullam corporis suscipit laboriosam, nisi ut aliquid ex ea commodi consequatur. Quis aute iure reprehend', 15.00, '9788874303328', 'book_cover\\umberto_eco\\gli_gnomi.jpg'),
(120, 16, 'Il dito dentro un occhio', 'Il dito dentro un occhio', 1953, 'Lorem ipsum dolor sit amet, consectetur adipisci elit, sed eiusmod tempor incidunt ut labore et dolore magna aliqua. Ut enim ad minim veniam, quis nostrum exercitationem ullam corporis suscipit laboriosam, nisi ut aliquid ex ea commodi consequatur. Quis aute iure reprehendLorem ipsum dolor sit amet, consectetur adipisci elit, sed eiusmod tempor incidunt ut labore et dolore magna aliqua. Ut enim ad minim veniam, quis nostrum exercitationem ullam corporis suscipit laboriosam, nisi ut aliquid ex ea commodi consequatur. Quis aute iure reprehend', 10.00, '9788874302413', 'book_cover\\dario_fo\\dito_nell_occhio.jpg'),
(121, 16, 'Buchi alle estremità.', 'Buchi alle estremità.', 1972, 'Lorem ipsum dolor sit amet, consectetur adipisci elit, sed eiusmod tempor incidunt ut labore et dolore magna aliqua. Ut enim ad minim veniam, quis nostrum exercitationem ullam corporis suscipit laboriosam, nisi ut aliquid ex ea commodi consequatur. Quis aute iure reprehendLorem ipsum dolor sit amet, consectetur adipisci elit, sed eiusmod tempor incidunt ut labore et dolore magna aliqua. Ut enim ad minim veniam, quis nostrum exercitationem ullam corporis suscipit laboriosam, nisi ut aliquid ex ea commodi consequatur. Quis aute iure reprehend', 10.00, '9788874303717', 'book_cover\\dario_fo\\buchi_alle_estremita.jpg'),
(122, 16, 'Il paese dei mezaràt', 'Il paese dei mezaràt', 1977, 'Lorem ipsum dolor sit amet, consectetur adipisci elit, sed eiusmod tempor incidunt ut labore et dolore magna aliqua. Ut enim ad minim veniam, quis nostrum exercitationem ullam corporis suscipit laboriosam, nisi ut aliquid ex ea commodi consequatur. Quis aute iure reprehendLorem ipsum dolor sit amet, consectetur adipisci elit, sed eiusmod tempor incidunt ut labore et dolore magna aliqua. Ut enim ad minim veniam, quis nostrum exercitationem ullam corporis suscipit laboriosam, nisi ut aliquid ex ea commodi consequatur. Quis aute iure reprehend', 17.00, '9788874302314', 'book_cover\\dario_fo\\il_paese_dei_mezarat.jpeg'),
(123, 23, 'Les enfants de Yalta', 'La piccola Yalta', 1977, 'Lorem ipsum dolor sit amet, consectetur adipisci elit, sed eiusmod tempor incidunt ut labore et dolore magna aliqua. Ut enim ad minim veniam, quis nostrum exercitationem ullam corporis suscipit laboriosam, nisi ut aliquid ex ea commodi consequatur. Quis aute iure reprehendLorem ipsum dolor sit amet, consectetur adipisci elit, sed eiusmod tempor incidunt ut labore et dolore magna aliqua. Ut enim ad minim veniam, quis nostrum exercitationem ullam corporis suscipit laboriosam, nisi ut aliquid ex ea commodi consequatur. Quis aute iure reprehend', 20.00, '9782200501846', 'book_cover\\daniel_pennac\\les_enfants_de_yalta.jpg'),
(124, 23, 'Père Noël', 'Per Noel', 1979, 'Anton bertemu penjahat kelas teri yang menyamar sebagai Sinterklas dan meyakinkannya untuk naik kereta luncur ajaibnya bersama.', 12.00, '9782200501372', 'book_cover\\daniel_pennac\\per_noel.jpg'),
(125, 23, 'Chagrin école', 'Diario di scuola', 2007, 'Everything you need to know about Chagrin école by Daniel Pennac! Find the essence of the work in a complete and detailed reading sheet, with a summary, a study of the characters, keys to reading and lines of thought. Written in a clear and accessible way, the reading sheet first offers a summary of the book, then studies the  characters  whose portrait is painted by Pennac: that of the dunce, the teacher, and more generally teachers and their students.', 15.00, '9782200500955', 'book_cover\\daniel_pennac\\chagrin_ecole.jpg'),
(126, 23, 'La loi di rêveur', 'La legge del sognatore', 2020, 'Daniel Pennac is a clever, a manipulator, who under the pretext of telling you his dreams leads you and loses you in a chaotic story where a cow would not recognize her calf!', 20.00, '9782200500917', 'book_cover\\daniel_pennac\\la_loi_du.jpg'),
(127, 24, 'Cromwell', 'Cromwell', 1827, 'In 1642, the army of Charles I Stuart faces that of the faithful to the parliament which refused the king to grant the necessary funds for the war against Scotland. At the head of the parliamentary army is Oliver Cromwell.', 20.00, '9782200501723', 'book_cover\\victor_hugo\\cromwell.jpg'),
(128, 24, 'Lucrèce Borgia', 'Lucrezia Borgia', 1833, 'Lorem ipsum dolor sit amet, consectetur adipisci elit, sed eiusmod tempor incidunt ut labore et dolore magna aliqua. Ut enim ad minim veniam, quis nostrum exercitationem ullam corporis suscipit laboriosam, nisi ut aliquid ex ea commodi consequatur. Quis aute iure reprehendLorem ipsum dolor sit amet, consectetur adipisci elit, sed eiusmod tempor incidunt ut labore et dolore magna aliqua. Ut enim ad minim veniam, quis nostrum exercitationem ullam corporis suscipit laboriosam, nisi ut aliquid ex ea commodi consequatur. Quis aute iure reprehend', 20.00, '9782200501808', 'book_cover\\victor_hugo\\lucree_borgia.jpg'),
(129, 24, 'Marie Tudor', 'Maria Tudor', 1833, 'Lorem ipsum dolor sit amet, consectetur adipisci elit, sed eiusmod tempor incidunt ut labore et dolore magna aliqua. Ut enim ad minim veniam, quis nostrum exercitationem ullam corporis suscipit laboriosam, nisi ut aliquid ex ea commodi consequatur. Quis aute iure reprehendLorem ipsum dolor sit amet, consectetur adipisci elit, sed eiusmod tempor incidunt ut labore et dolore magna aliqua. Ut enim ad minim veniam, quis nostrum exercitationem ullam corporis suscipit laboriosam, nisi ut aliquid ex ea commodi consequatur. Quis aute iure reprehend', 20.00, '9782200501488', 'book_cover\\victor_hugo\\mary_tutor.jpg'),
(130, 24, 'Les Burgraves', 'I Burgravi', 1843, 'Les Burgraves is a historical play by Victor Hugo, first performed by the Comédie-Française on 7 March 1843.[1][2] It takes place along the Rhine and features the return of Emperor Barbarossa. The play failed commercially and was the last of Hugo plays to be produced in his lifetime.[3] It was the subject of an orchestral overture by the composer Guillaume Lekeu in 1890.', 15.00, '9782200501761', 'book_cover\\victor_hugo\\les_bugraves.jpg'),
(131, 24, 'Torquemada', 'Torquemada', 1882, 'Lorem ipsum dolor sit amet, consectetur adipisci elit, sed eiusmod tempor incidunt ut labore et dolore magna aliqua. Ut enim ad minim veniam, quis nostrum exercitationem ullam corporis suscipit laboriosam, nisi ut aliquid ex ea commodi consequatur. Quis aute iure reprehendLorem ipsum dolor sit amet, consectetur adipisci elit, sed eiusmod tempor incidunt ut labore et dolore magna aliqua. Ut enim ad minim veniam, quis nostrum exercitationem ullam corporis suscipit laboriosam, nisi ut aliquid ex ea commodi consequatur. Quis aute iure reprehend', 15.00, '9782200501754', 'book_cover\\victor_hugo\\torquemada.jpg'),
(132, 24, 'Notre-Dame de Paris', 'Notre-Dame de Paris', 1831, 'Lorem ipsum dolor sit amet, consectetur adipisci elit, sed eiusmod tempor incidunt ut labore et dolore magna aliqua. Ut enim ad minim veniam, quis nostrum exercitationem ullam corporis suscipit laboriosam, nisi ut aliquid ex ea commodi consequatur. Quis aute iure reprehendLorem ipsum dolor sit amet, consectetur adipisci elit, sed eiusmod tempor incidunt ut labore et dolore magna aliqua. Ut enim ad minim veniam, quis nostrum exercitationem ullam corporis suscipit laboriosam, nisi ut aliquid ex ea commodi consequatur. Quis aute iure reprehend', 25.00, '9782200501266', 'book_cover\\victor_hugo\\notre_dame.jpg'),
(133, 24, 'Les Misérables', 'I miserabili', 1862, 'The story begins in 1815 in Digne, as the peasant Jean Valjean, just released from 19 years imprisonment in the Bagne of Toulon—five for stealing bread for his starving sister and her family and fourteen more for numerous escape attempts—is turned away by innkeepers because his yellow passport marks him as a former convict. He sleeps on the street, angry and bitter.', 30.00, '9782200501815', 'book_cover\\victor_hugo\\les_miserable.jpg'),
(134, 25, 'Les Maîtres mosaïstes', 'Maestri del Mosaico', 1838, 'The novel takes place in Venice in the sixteenth century. It opens with a conversation between Sébastien Zuccato, a renowned painter of his time, and Le Tintoret. Zuccato is unhappy with his two sons, Francesco and Valerio, who have scorned a career as a painter to become mosaicists.', 15.00, '9782200501112', 'book_cover\\george_sand\\les_maîtres_mosaic.jpg'),
(135, 25, 'La dernière Aldini', 'Aldini', 1838, 'Lorem ipsum dolor sit amet, consectetur adipisci elit, sed eiusmod tempor incidunt ut labore et dolore magna aliqua. Ut enim ad minim veniam, quis nostrum exercitationem ullam corporis suscipit laboriosam, nisi ut aliquid ex ea commodi consequatur. Quis aute iure reprehendLorem ipsum dolor sit amet, consectetur adipisci elit, sed eiusmod tempor incidunt ut labore et dolore magna aliqua. Ut enim ad minim veniam, quis nostrum exercitationem ullam corporis suscipit laboriosam, nisi ut aliquid ex ea commodi consequatur. Quis aute iure reprehend', 15.00, '9782200501068', 'book_cover\\george_sand\\aldini.jpg'),
(136, 25, 'Pauline', 'Paolina', 1841, 'Lorem ipsum dolor sit amet, consectetur adipisci elit, sed eiusmod tempor incidunt ut labore et dolore magna aliqua. Ut enim ad minim veniam, quis nostrum exercitationem ullam corporis suscipit laboriosam, nisi ut aliquid ex ea commodi consequatur. Quis aute iure reprehendLorem ipsum dolor sit amet, consectetur adipisci elit, sed eiusmod tempor incidunt ut labore et dolore magna aliqua. Ut enim ad minim veniam, quis nostrum exercitationem ullam corporis suscipit laboriosam, nisi ut aliquid ex ea commodi consequatur. Quis aute iure reprehend', 20.00, '9782200501358', 'book_cover\\george_sand\\pauline.jpg'),
(137, 26, 'La Femme gelée', 'La donna gelata', 1981, 'Annie Ernaux was born in Lillebonne (France) in 1940. She tells us that she was brought up by her two parents, both very caring and attentive. Her mother owns her own grocery store and she works hard to get by. As a result, she does not have time to take care of all the household chores in their home and it is her father who is in charge. The latter has developed a passion for gardening, cooking and it is very often he who picks up his daughter in front of the school gates, surrounded by all the other mothers. The narrator way of life therefore has nothing to do with the conventional pattern of family life at that time.', 15.00, '9782200500887', 'book_cover\\annie_ernaux\\la_femme_gelee.jpg'),
(138, 26, 'La Place', 'La Pace', 1983, 'Lorem ipsum dolor sit amet, consectetur adipisci elit, sed eiusmod tempor incidunt ut labore et dolore magna aliqua. Ut enim ad minim veniam, quis nostrum exercitationem ullam corporis suscipit laboriosam, nisi ut aliquid ex ea commodi consequatur. Quis aute iure reprehendLorem ipsum dolor sit amet, consectetur adipisci elit, sed eiusmod tempor incidunt ut labore et dolore magna aliqua. Ut enim ad minim veniam, quis nostrum exercitationem ullam corporis suscipit laboriosam, nisi ut aliquid ex ea commodi consequatur. Quis aute iure reprehend', 20.00, '9782200500993', 'book_cover\\annie_ernaux\\la_place.jpg'),
(139, 26, 'La Honte', 'Onta', 1997, 'Roger la Honte is an 1886 novel by the French writer Jules Mary. Its melodramatic plot takes place around the time of the Franco-Prussian War. It is his best known work. In 1887-1889 he published a sequel The Revenge of Roger la Honte which was released in two parts.', 20.00, '9782200501075', 'book_cover\\annie_ernaux\\la_honte.jpg'),
(140, 31, 'Kamisama', 'Dio', 1994, 'Lorem ipsum dolor sit amet, consectetur adipisci elit, sed eiusmod tempor incidunt ut labore et dolore magna aliqua. Ut enim ad minim veniam, quis nostrum exercitationem ullam corporis suscipit laboriosam, nisi ut aliquid ex ea commodi consequatur. Quis aute iure reprehendLorem ipsum dolor sit amet, consectetur adipisci elit, sed eiusmod tempor incidunt ut labore et dolore magna aliqua. Ut enim ad minim veniam, quis nostrum exercitationem ullam corporis suscipit laboriosam, nisi ut aliquid ex ea commodi consequatur. Quis aute iure reprehend', 10.00, '9784192039529', 'book_cover\\hiromi_kawakami\\kamisama.jpg'),
(141, 31, 'Hebi o fumu', 'Calpestare il serpente', 1996, 'Is a sequence of nineteen of the unnamed narrator’s dreams. Each of these dreams is two or three pages long, and they are linked only in that every other scenario features a young woman whom the narrator is either pursuing or in the process of merging with. If there is a unifying theme or plot, it is lost on me, but the power of these dreams comes from their vivid imagery.', 12.00, '9784192039468', 'book_cover\\hiromi_kawakami\\hebi_o_fumu.jpg'),
(142, 31, 'Oboreru', 'Annegare', 2000, 'Natsume Mochizuki (Nana Komatsu) is a beautiful teen idol working in Tokyo. She is forced to give up her dream and move to her father hometown of Ukigumo to help run her ailing grandfather inn. There, she meets Koichiro Hasegawa (Masaki Suda), a young heir to a wealthy and deeply influential family, and for whom she will quickly start developing a romantic interest that will blossom in a tale of rough, passionate, and dangerous love.', 10.00, '9784192038973', 'book_cover\\hiromi_kawakami\\oboreru.jpg'),
(143, 31, 'Parēdo', 'Parēdo', 2002, 'Lorem ipsum dolor sit amet, consectetur adipisci elit, sed eiusmod tempor incidunt ut labore et dolore magna aliqua. Ut enim ad minim veniam, quis nostrum exercitationem ullam corporis suscipit laboriosam, nisi ut aliquid ex ea commodi consequatur. Quis aute iure reprehendLorem ipsum dolor sit amet, consectetur adipisci elit, sed eiusmod tempor incidunt ut labore et dolore magna aliqua. Ut enim ad minim veniam, quis nostrum exercitationem ullam corporis suscipit laboriosam, nisi ut aliquid ex ea commodi consequatur. Quis aute iure reprehend', 10.00, '9784192039130', 'book_cover\\hiromi_kawakami\\paredo.jpg'),
(144, 31, 'Suisei', 'Bagnato', 2014, 'Lorem ipsum dolor sit amet, consectetur adipisci elit, sed eiusmod tempor incidunt ut labore et dolore magna aliqua. Ut enim ad minim veniam, quis nostrum exercitationem ullam corporis suscipit laboriosam, nisi ut aliquid ex ea commodi consequatur. Quis aute iure reprehendLorem ipsum dolor sit amet, consectetur adipisci elit, sed eiusmod tempor incidunt ut labore et dolore magna aliqua. Ut enim ad minim veniam, quis nostrum exercitationem ullam corporis suscipit laboriosam, nisi ut aliquid ex ea commodi consequatur. Quis aute iure reprehend', 15.00, '9784192039451', 'book_cover\\hiromi_kawakami\\suisei.jpg'),
(145, 32, 'インストール', 'Stabilire', 2001, 'Lorem ipsum dolor sit amet, consectetur adipisci elit, sed eiusmod tempor incidunt ut labore et dolore magna aliqua. Ut enim ad minim veniam, quis nostrum exercitationem ullam corporis suscipit laboriosam, nisi ut aliquid ex ea commodi consequatur. Quis aute iure reprehendLorem ipsum dolor sit amet, consectetur adipisci elit, sed eiusmod tempor incidunt ut labore et dolore magna aliqua. Ut enim ad minim veniam, quis nostrum exercitationem ullam corporis suscipit laboriosam, nisi ut aliquid ex ea commodi consequatur. Quis aute iure reprehend', 10.00, '9784192039727', 'book_cover\\risa_wataya\\stabilire.jpg'),
(146, 32, '蹴りたぃ背中', 'Colpo alle spalle', 2003, 'Lorem ipsum dolor sit amet, consectetur adipisci elit, sed eiusmod tempor incidunt ut labore et dolore magna aliqua. Ut enim ad minim veniam, quis nostrum exercitationem ullam corporis suscipit laboriosam, nisi ut aliquid ex ea commodi consequatur. Quis aute iure reprehendLorem ipsum dolor sit amet, consectetur adipisci elit, sed eiusmod tempor incidunt ut labore et dolore magna aliqua. Ut enim ad minim veniam, quis nostrum exercitationem ullam corporis suscipit laboriosam, nisi ut aliquid ex ea commodi consequatur. Quis aute iure reprehend', 10.00, '9784192039642', 'book_cover\\risa_wataya\\colpo_spalle.jpg'),
(147, 32, '勝手にふるえてろ', 'Movimento', 2010, 'Lorem ipsum dolor sit amet, consectetur adipisci elit, sed eiusmod tempor incidunt ut labore et dolore magna aliqua. Ut enim ad minim veniam, quis nostrum exercitationem ullam corporis suscipit laboriosam, nisi ut aliquid ex ea commodi consequatur. Quis aute iure reprehendLorem ipsum dolor sit amet, consectetur adipisci elit, sed eiusmod tempor incidunt ut labore et dolore magna aliqua. Ut enim ad minim veniam, quis nostrum exercitationem ullam corporis suscipit laboriosam, nisi ut aliquid ex ea commodi consequatur. Quis aute iure reprehend', 15.00, '9784192038935', 'book_cover\\risa_wataya\\movimento.jpg'),
(148, 32, 'かわいそうだね？', 'Che pietà, non è vero?', 2010, 'Lorem ipsum dolor sit amet, consectetur adipisci elit, sed eiusmod tempor incidunt ut labore et dolore magna aliqua. Ut enim ad minim veniam, quis nostrum exercitationem ullam corporis suscipit laboriosam, nisi ut aliquid ex ea commodi consequatur. Quis aute iure reprehendLorem ipsum dolor sit amet, consectetur adipisci elit, sed eiusmod tempor incidunt ut labore et dolore magna aliqua. Ut enim ad minim veniam, quis nostrum exercitationem ullam corporis suscipit laboriosam, nisi ut aliquid ex ea commodi consequatur. Quis aute iure reprehend', 20.00, '9784192038874', 'book_cover\\risa_wataya\\pieta.jpg'),
(149, 33, 'One Piece', 'One Piece', 1997, 'Monkey D. Luffy is a young dreamy pirate who involuntarily ate a devil fruit as a child, thus becoming a rubber man with the ability to stretch and deform at will. With the aim of becoming the Pirate King (海賊王 Kaizoku Ō?) and finding the legendary treasure One Piece (ひとつなぎの大秘宝ワンピース Wan Pīsu?), hidden according to legend by Gol D. Roger on the island of Raftel at the end of the Rotta Maggiore', 100.00, '9784192039475', 'book_cover\\eiichiro_oda\\one_piece.jpg'),
(150, 33, 'Ikki Yakou', 'Sfilata notturna del demone', 1993, 'The story starts with a monk named Guko walking through a forest looking for a place to spend the night. He then hears someone call him and is seemingly attacked by a monster. Guko promptly runs away and makes his way out of the forest. He sees a village and goes to ask if he can spend the night there.', 22.00, '9784192039505', 'book_cover\\eiichiro_oda\\ikki_yakou-cover.jpeg'),
(151, 33, 'Monsters', 'Monsters', 1994, 'The story starts with the narrator telling the story of a dragon horn that was stolen 10 years ago. It was the only such thing existing and was said to have wondrous powers. But no one still remembers the incident.', 12.00, '9784192039390', 'book_cover\\eiichiro_oda\\monster.jpg'),
(152, 33, 'Romance Dawn', 'Romance Dawn', 1996, 'Romance Dawn refers to two stories written by Eiichiro Oda before One Piece but set in a similar world. While a first-year junior high school student, he began sketching out ideas for a pirate-themed manga in a notebook, in pencil.', 10.00, '9784192039437', 'book_cover\\eiichiro_oda\\romance_dawn.webp'),
(153, 34, 'Rave', 'Rave', 1998, 'Groove Adventure Rave follows Haru, his strange dog Plue, the fiery blonde Ellie, and the infamous thief Musica, as they embark on a great journey that will take them around the vast world, searching for the Rave Stones that will finally end Demon Card injustice.', 5.00, '9784192038959', 'book_cover\\hiro_mashima\\rave.jpg'),
(154, 34, 'マジシャン', 'Magia!', 1999, 'Lorem ipsum dolor sit amet, consectetur adipisci elit, sed eiusmod tempor incidunt ut labore et dolore magna aliqua. Ut enim ad minim veniam, quis nostrum exercitationem ullam corporis suscipit laboriosam, nisi ut aliquid ex ea commodi consequatur. Quis aute iure reprehendLorem ipsum dolor sit amet, consectetur adipisci elit, sed eiusmod tempor incidunt ut labore et dolore magna aliqua. Ut enim ad minim veniam, quis nostrum exercitationem ullam corporis suscipit laboriosam, nisi ut aliquid ex ea commodi consequatur. Quis aute iure reprehend', 5.00, '9784192039345', 'book_cover\\hiro_mashima\\magia.webp'),
(155, 34, 'Monster Soul', 'Monster Soul', 2005, 'The tale of Monster Soul takes place in Elvenland, a fictional land that humans and monsters inhabit. The main characters are a group of monsters called the Black Airs. The Black Airs is recorded as the strongest group of the monster forces in the great war between humans and monsters. The first three chapters consist of three stories that do not have a main plot, but the last chapter of the \"first stage\" reveals a bit of the past. In the \"second stage\" the Black Airs travel to Hell to help a human boy save his townspeople who are captured by the evil Drei Kommandos.', 5.00, '9784192039253', 'book_cover\\hiro_mashima\\monster_soul.jpg'),
(156, 34, 'Fairy Tail', 'Fairy Tail', 2006, 'The world of Earth-land is home to numerous guilds where wizards[b] apply their magic for paid job requests. Natsu Dragneel, a Dragon Slayer wizard from the Fairy Tail guild, explores the Kingdom of Fiore in search of his missing adoptive father, the dragon Igneel. During his journey, he befriends a young celestial wizard named Lucy Heartfilia and invites her to join Fairy Tail. ', 5.00, '9784192039185', 'book_cover\\hiro_mashima\\fairy_tail.jpg'),
(157, 34, 'Monster Hunter Orage', 'Monster Hunter Orage', 2008, 'The story takes place in a fictional world full of monsters and adventurers called Monster Hunters, who, as their name implies, hunt the monsters.', 5.00, '9784192039062', 'book_cover\\hiro_mashima\\monster_hunter_orange.jpg'),
(158, 34, 'Edens Zero', 'Edens Zero', 2018, 'Shiki Granbell is a human and gravity Ether Gear user who lives among robots on the planet Granbell, a deserted theme park world in the Sakura Cosmos. The park is visited by two space traveling B-Cubers – Rebecca Bluegarden and her robotic cat companion, Happy – whom Shiki befriends. After the park robots force them off the planet to save Shiki from being stranded before their batteries die, the three set out to explore the universe by searching for Mother, the wish-granting goddess of the cosmos, whom Shiki recognizes.', 5.00, '9784192038881', 'book_cover\\hiro_mashima\\eden_zero.jpg'),
(159, 34, 'Fairy Tail: 100 Years Quest', 'Fairy Tail: Quest dei 100 anni', 2018, 'One year following the demise of Zeref and Acnologia, Natsu Dragneel and his team from the Fairy Tail wizard guild embark on the 100 Years Quest, a mission that has been unaccomplished for over a century, on the northern continent of Guiltina. There the team learns that their mission is to seal the Five Dragon Gods, a group of dragons whose power rivals Acnologia and threatens to cause worldwide destruction. Meanwhile, Fairy Tail recruits a new member named Touka, who is possessed by a witch that aims to seize the dragons powers for her own purposes.', 5.00, '9784192039659', 'book_cover\\hiro_mashima\\100_year_quest.jpg'),
(160, 35, 'Crónica del desamor', 'Cronaca del disamore', 1979, 'Lorem ipsum dolor sit amet, consectetur adipisci elit, sed eiusmod tempor incidunt ut labore et dolore magna aliqua. Ut enim ad minim veniam, quis nostrum exercitationem ullam corporis suscipit laboriosam, nisi ut aliquid ex ea commodi consequatur. Quis aute iure reprehendLorem ipsum dolor sit amet, consectetur adipisci elit, sed eiusmod tempor incidunt ut labore et dolore magna aliqua. Ut enim ad minim veniam, quis nostrum exercitationem ullam corporis suscipit laboriosam, nisi ut aliquid ex ea commodi consequatur. Quis aute iure reprehend', 10.00, '9788425013249', 'book_cover\\rosa_montero\\cronica_del_desamor.jpg'),
(161, 35, 'La hija del caníbal', 'La figlia del cannibale', 1997, 'Lorem ipsum dolor sit amet, consectetur adipisci elit, sed eiusmod tempor incidunt ut labore et dolore magna aliqua. Ut enim ad minim veniam, quis nostrum exercitationem ullam corporis suscipit laboriosam, nisi ut aliquid ex ea commodi consequatur. Quis aute iure reprehendLorem ipsum dolor sit amet, consectetur adipisci elit, sed eiusmod tempor incidunt ut labore et dolore magna aliqua. Ut enim ad minim veniam, quis nostrum exercitationem ullam corporis suscipit laboriosam, nisi ut aliquid ex ea commodi consequatur. Quis aute iure reprehend', 15.00, '9788425012549', 'book_cover\\rosa_montero\\la_hija_del_canibal.jpg'),
(162, 35, 'El corazón del tártaro', 'Il cuore del Tartaro', 2008, 'Lorem ipsum dolor sit amet, consectetur adipisci elit, sed eiusmod tempor incidunt ut labore et dolore magna aliqua. Ut enim ad minim veniam, quis nostrum exercitationem ullam corporis suscipit laboriosam, nisi ut aliquid ex ea commodi consequatur. Quis aute iure reprehendLorem ipsum dolor sit amet, consectetur adipisci elit, sed eiusmod tempor incidunt ut labore et dolore magna aliqua. Ut enim ad minim veniam, quis nostrum exercitationem ullam corporis suscipit laboriosam, nisi ut aliquid ex ea commodi consequatur. Quis aute iure reprehend', 20.00, '9788425012464', 'book_cover\\rosa_montero\\el_corazon_del_tartaro.jpg'),
(163, 35, 'Instrucciones para salvar el mundo', 'Notturno di sole', 2011, 'Lorem ipsum dolor sit amet, consectetur adipisci elit, sed eiusmod tempor incidunt ut labore et dolore magna aliqua. Ut enim ad minim veniam, quis nostrum exercitationem ullam corporis suscipit laboriosam, nisi ut aliquid ex ea commodi consequatur. Quis aute iure reprehendLorem ipsum dolor sit amet, consectetur adipisci elit, sed eiusmod tempor incidunt ut labore et dolore magna aliqua. Ut enim ad minim veniam, quis nostrum exercitationem ullam corporis suscipit laboriosam, nisi ut aliquid ex ea commodi consequatur. Quis aute iure reprehend', 20.00, '9788425012853', 'book_cover\\rosa_montero\\instrucciones_para_salvar_el_mundo.jpg'),
(164, 35, 'Lágrimas en la lluvia', 'Lacrime nella pioggia', 2012, 'Lorem ipsum dolor sit amet, consectetur adipisci elit, sed eiusmod tempor incidunt ut labore et dolore magna aliqua. Ut enim ad minim veniam, quis nostrum exercitationem ullam corporis suscipit laboriosam, nisi ut aliquid ex ea commodi consequatur. Quis aute iure reprehendLorem ipsum dolor sit amet, consectetur adipisci elit, sed eiusmod tempor incidunt ut labore et dolore magna aliqua. Ut enim ad minim veniam, quis nostrum exercitationem ullam corporis suscipit laboriosam, nisi ut aliquid ex ea commodi consequatur. Quis aute iure reprehend', 12.00, '9788425012839', 'book_cover\\rosa_montero\\lagrimas_en_la_lluvia.jpg'),
(165, 36, 'Agnes Grey', 'Agnes Grey', 1847, 'Lorem ipsum dolor sit amet, consectetur adipisci elit, sed eiusmod tempor incidunt ut labore et dolore magna aliqua. Ut enim ad minim veniam, quis nostrum exercitationem ullam corporis suscipit laboriosam, nisi ut aliquid ex ea commodi consequatur. Quis aute iure reprehendLorem ipsum dolor sit amet, consectetur adipisci elit, sed eiusmod tempor incidunt ut labore et dolore magna aliqua. Ut enim ad minim veniam, quis nostrum exercitationem ullam corporis suscipit laboriosam, nisi ut aliquid ex ea commodi consequatur. Quis aute iure reprehend', 10.00, '9788425012594', 'book_cover\\anne_bronte\\agnes_grey.jpg'),
(166, 36, 'Wildfell Hall', 'La signora di Wildfell Hall', 1848, 'Lorem ipsum dolor sit amet, consectetur adipisci elit, sed eiusmod tempor incidunt ut labore et dolore magna aliqua. Ut enim ad minim veniam, quis nostrum exercitationem ullam corporis suscipit laboriosam, nisi ut aliquid ex ea commodi consequatur. Quis aute iure reprehendLorem ipsum dolor sit amet, consectetur adipisci elit, sed eiusmod tempor incidunt ut labore et dolore magna aliqua. Ut enim ad minim veniam, quis nostrum exercitationem ullam corporis suscipit laboriosam, nisi ut aliquid ex ea commodi consequatur. Quis aute iure reprehend', 11.00, '9788425013331', 'book_cover\\anne_bronte\\windfell_hall.jpg'),
(167, 37, 'The Blade in the Mist', 'Lama nella nebbia', 1991, 'Hoping for some excitement, the main character forms a rivalry when a stranger enters their life with an intriguing proposal that results in a huge explosion.', 12.00, '9785700084222', 'book_cover\\nazar_mordvinov\\the_blande.jpg'),
(168, 37, 'Defender Of The Lost Ones', 'Ultimo Difensore', 1995, 'Having only ever heard of these struggles in bedtime stories, the main character is captured and taken prisoner when they are involved in a case of mistaken identity; it threatens their current situation.Brave enough to go forward, the main character, without thinking ahead, joins a group of misfits who fight to stay alive.', 20.00, '9785700083737', 'book_cover\\nazar_mordvinov\\defense.jpg'),
(169, 37, 'Knights Of Next Year', 'I prossimi cavalieri', 1996, 'Living quietly, trying to avoid the wrath of the local guards, the main character is forced to flee the kingdom when by chance, they witness a secret exchange; it results in them being forced away from their home.After pretending that nothing is wrong, the main character, resenting what their world has become, gradually gets to the bottom of the issue.', 20.00, '9785700084345', 'book_cover\\nazar_mordvinov\\knight.jpg'),
(170, 37, 'Slaves And Men', 'Schiavi e Umani', 2005, 'An unsuspecting regular Joe, the main character attempts to turn their life around when a stranger enters their life with an intriguing proposal that results in their best friend being killed.', 15.00, '9785700083393', 'book_cover\\nazar_mordvinov\\slave_and_man.jpg'),
(171, 37, 'Robots And Witches', 'Robot e Streghe', 2009, 'Bitter about life cruel games, the main character cant understand their conflicting feelings when a new face at work/college captures their interest.Soon becoming smitten with the love interest, the main character begins to feel conflicted when another charming stranger entices them out and causes the love interest to suspect the main character is cheating on them.', 20.00, '9785700084284', 'book_cover\\nazar_mordvinov\\robot_and_witches.jpg'),
(172, 38, 'Murder With A Goal', 'Lo scopo di uccidere', 1900, 'At the top of their game, the main character forms a new relationship when they are presented with a position of power that results in them working for a large, international organisation.Refusing to back down, the main character, public enemy number one, comes up with a cunning plan to find out the truth.In the end, after being permanently disabled, the main character is forced to go on the run after committing numerous crimes, and vows to get justice.', 20.00, '9785700083874', 'book_cover\\catherine_artemyveva\\murder.jpg'),
(173, 38, 'Fortune With Silver', 'Fortuna argentea', 1903, 'Your main character is a man in his late thirties, who can be quite stubborn. The story begins in a penthouse apartment. An abandoned dog is given a home. It a story about secrecy. Your character gets into a competition with another character.', 15.00, '9785700083294', 'book_cover\\catherine_artemyveva\\silver.jpg'),
(174, 38, 'Hurting The Darkness', 'Scontro con il buio', 1910, 'Having enjoyed a peaceful life up until now, the main character is tasked with obtaining an important item when their village is being subjected to a devastating attack by an enemy nation; it requires them to re-evaluate their current lifestyle.', 15.00, '9785700084666', 'book_cover\\catherine_artemyveva\\darkness.jpg'),
(175, 38, 'Rescue At Time', 'Salvami', 1918, 'Your main character is a man in his seventies, who can be quite inspirational. The story begins in a marina. A neighbour is involved in a love triangle. It a story about a journey. Your character reluctantly becomes involved.', 15.00, '9785700084796', 'book_cover\\catherine_artemyveva\\rescue.jpg'),
(176, 39, 'Agent Of The Plague', 'Agenti della Piaga', 1933, 'Living peacefully with no knowledge of the growing threat beyond their homelands, the main character realises there is more to their life when they are accused of being the leader of an enemy movement which launches an attack; it is destined to be opposed by one born under their circumstances.Driven by rage, the main character, with an experienced mentor, struggles to figure out what is right or wrong.In the end, after a close encounter with the enemy, the main character sacrifices themselves to save someone else.', 15.00, '9785700083157', 'book_cover\\stella_golubova\\pleague.jpg'),
(177, 39, 'Horses Of The East', 'RUM - Cavallo bianco', 1939, 'A determined hard worker with no time for love, the main character life is turned upside down when a long lost friend returns, asking them for help.', 15.00, '9785700084147', 'book_cover\\stella_golubova\\horse.jpg'),
(178, 39, 'Armies Of The Light', 'Gemme di Luce', 1941, 'Bitter about being unable to find love, the main character emotions rise when a long lost friend returns, asking them for help.Doing their best to repress their growing feelings, the main character forms a bitter rivalry when another person with much better chances than the main character shows up and begins competing for the love interest attention.', 15.00, '9785700084178', 'book_cover\\stella_golubova\\light.jpg'),
(179, 39, 'Owls And Wolves', 'Gufi e Lupi', 1943, 'Stuck enduring the daily grind, the main character is soon hunted by forces far stronger than them when they learn of the dragon that steadily grows in power and threatens their land; it requires them to give up their current lifestyle.After pretending that nothing is wrong, the main character, after trying to drown out their sorrows, comes up with a cunning plan to find out the truth.', 15.00, '9785700083287', 'book_cover\\stella_golubova\\owls_and_wolf.jpg'),
(180, 39, 'Spiders And Priests', 'Ragni e Preti', 1944, 'Having never been in love before, the main character suddenly loses all focus when they misreads the signs given off by another character.', 25.00, '9785700084406', 'book_cover\\stella_golubova\\spider_and_priest.jpg'),
(181, 39, 'Origin Without Faith', 'Nessun legame', 1943, 'A computer programmer makes it big by playing basketball.', 25.00, '9785700084062', 'book_cover\\stella_golubova\\faith.jpg'),
(182, 39, 'Hope Of The Stars', 'Speranza brillante', 1944, 'Your main character is a man in his late thirties, who can be quite cruel. The story begins in a boxing club. Someone is being blackmailed. It a story about loneliness. Your character is tested to the limits of physical endurance.', 13.00, '9785700083171', 'book_cover\\stella_golubova\\hope.jpg'),
(183, 39, 'Sailing Into The Graveyard', 'Visita al cimitero', 1944, 'An all-American girl meets someone she thought had died at a boarding school for girls.', 13.00, '9785700084802', 'book_cover\\stella_golubova\\graveyard.jpg'),
(184, 39, 'Force Of The Light', 'Forze della luce', 1946, 'A simple peasant with little knowledge of the world, the main character life suddenly changes when they return home to find that their homeland is being burnt to the ground by an enemy attack; it requires them to travel around the world.Driven by rage, the main character, after surviving a series of failed of assassination attempts, struggles to stay ahead of a deadly pursuer hot on their trail.', 6.00, '9785700084192', 'book_cover\\stella_golubova\\force_light.jpg'),
(185, 40, 'Shield Of The Eclipse', 'Scudo lunare', 2000, 'The president is born again in an asylum.', 10.00, '9785700085076', 'book_cover\\iskander_efimov\\shield.jpg'),
(186, 40, 'Blinded In My Friends', 'Amizicia Cieca', 2003, 'Having always known about the rocky past between their race and another, the main character loses what dearest to them when a mysterious character forces them into a situation well outside their control; it will eventually ruin their life.Brave enough to go forward, the main character, without thinking ahead, struggles to separate the truth from the lies.', 15.00, '9785700084239', 'book_cover\\iskander_efimov\\blinded.jpg'),
(187, 40, 'Flee To The Elements', 'Con gli elementi', 2009, 'Your main character is a young woman in her late teens, who is very eccentric. The story begins in a doctors surgery. A baby is born in mysterious circumstances. It a story about stubbornness. Your character attempts to keep a low profile.', 20.00, '9785700084468', 'book_cover\\iskander_efimov\\flee.jpg'),
(188, 40, 'The Bane of the Wicked', 'Le ossa della stregha', 2012, 'Having recently been plagued by visions, the main character must fight to protect what they love when they learn of the dark lord that steadily grows in power that seeks to exact their revenge on those who imprisoned them.', 15.00, '9785700083836', 'book_cover\\iskander_efimov\\the_bane.jpg'),
(189, 38, 'Desolation', 'Desolazione', 1925, 'Lorem ipsum dolor sit amet, consectetur adipisci elit, sed eiusmod tempor incidunt ut labore et dolore magna aliqua. Ut enim ad minim veniam, quis nostrum exercitationem ullam corporis suscipit laboriosam, nisi ut aliquid ex ea commodi consequatur. Quis aute iure reprehendLorem ipsum dolor sit amet, consectetur adipisci elit, sed eiusmod tempor incidunt ut labore et dolore magna aliqua. Ut enim ad minim veniam, quis nostrum exercitationem ullam corporis suscipit laboriosam, nisi ut aliquid ex ea commodi consequatur. Quis aute iure reprehend', 30.00, '9785700084126', 'book_cover\\catherine_artemyveva\\desolation.jpg'),
(190, NULL, 'Morghot Island', 'Isola di Morghot', 2020, 'Lorem ipsum dolor sit amet, consectetur adipisci elit, sed eiusmod tempor incidunt ut labore et dolore magna aliqua. Ut enim ad minim veniam, quis nostrum exercitationem ullam corporis suscipit laboriosam, nisi ut aliquid ex ea commodi consequatur. Quis aute iure reprehendLorem ipsum dolor sit amet, consectetur adipisci elit, sed eiusmod tempor incidunt ut labore et dolore magna aliqua. Ut enim ad minim veniam, quis nostrum exercitationem ullam corporis suscipit laboriosam, nisi ut aliquid ex ea commodi consequatur. Quis aute iure reprehend', 15.00, '9785703384126', 'teast.png');

-- --------------------------------------------------------

--
-- Struttura della tabella `novel_pg`
--

CREATE TABLE `novel_pg` (
  `id_pg` int(11) NOT NULL,
  `id_novel` int(11) NOT NULL,
  `role` varchar(300) NOT NULL
) ENGINE=InnoDB DEFAULT CHARSET=utf8;

--
-- Dump dei dati per la tabella `novel_pg`
--

INSERT INTO `novel_pg` (`id_pg`, `id_novel`, `role`) VALUES
(2, 2, 'Main Character'),
(3, 2, 'Second Character'),
(4, 2, 'Villan'),
(5, 15, 'Main Character'),
(6, 15, 'Second Character'),
(7, 15, 'Villan'),
(8, 16, 'Main Character'),
(9, 16, 'Second Character'),
(10, 16, 'Villan'),
(11, 17, 'Main Character'),
(12, 17, 'Second Character'),
(13, 17, 'Villan'),
(14, 18, 'Main Character'),
(15, 18, 'Second Character'),
(16, 18, 'Villan'),
(17, 19, 'Main Character'),
(18, 19, 'Second Character'),
(19, 19, 'Villan'),
(20, 20, 'Main Character'),
(21, 20, 'Second Character'),
(22, 20, 'Villan'),
(23, 21, 'Main Character'),
(24, 21, 'Second Character'),
(25, 21, 'Villan'),
(26, 22, 'Main Character'),
(27, 22, 'Second Character'),
(28, 22, 'Villan'),
(29, 23, 'Main Character'),
(30, 23, 'Second Character'),
(31, 23, 'Villan'),
(32, 24, 'Main Character'),
(33, 24, 'Second Character'),
(34, 24, 'Villan'),
(35, 25, 'Main Character'),
(36, 25, 'Second Character'),
(37, 25, 'Villan'),
(38, 26, 'Main Character'),
(39, 26, 'Second Character'),
(40, 26, 'Villan'),
(41, 27, 'Main Character'),
(42, 27, 'Second Character'),
(43, 27, 'Villan'),
(44, 28, 'Main Character'),
(45, 28, 'Second Character'),
(46, 28, 'Villan'),
(47, 29, 'Main Character'),
(48, 29, 'Second Character'),
(49, 29, 'Villan'),
(50, 30, 'Main Character'),
(51, 30, 'Second Character'),
(52, 30, 'Villan'),
(53, 31, 'Main Character'),
(54, 31, 'Second Character'),
(55, 31, 'Villan'),
(56, 32, 'Main Character'),
(57, 32, 'Second Character'),
(58, 32, 'Villan'),
(59, 33, 'Main Character'),
(60, 33, 'Second Character'),
(61, 33, 'Villan'),
(62, 34, 'Main Character'),
(63, 34, 'Second Character'),
(64, 34, 'Villan'),
(65, 35, 'Main Character'),
(66, 35, 'Second Character'),
(67, 35, 'Villan'),
(68, 36, 'Main Character'),
(69, 36, 'Second Character'),
(70, 36, 'Villan'),
(71, 37, 'Main Character'),
(72, 37, 'Second Character'),
(73, 37, 'Villan'),
(74, 38, 'Main Character'),
(75, 38, 'Second Character'),
(76, 38, 'Villan'),
(77, 39, 'Main Character'),
(78, 39, 'Second Character'),
(79, 39, 'Villan'),
(80, 40, 'Main Character'),
(81, 40, 'Second Character'),
(82, 40, 'Villan'),
(83, 41, 'Main Character'),
(84, 41, 'Second Character'),
(85, 41, 'Villan'),
(86, 42, 'Main Character'),
(87, 42, 'Second Character'),
(88, 42, 'Villan'),
(89, 43, 'Main Character'),
(90, 43, 'Second Character'),
(91, 43, 'Villan'),
(92, 44, 'Main Character'),
(93, 44, 'Second Character'),
(94, 44, 'Villan'),
(95, 45, 'Main Character'),
(96, 45, 'Second Character'),
(97, 45, 'Villan'),
(98, 46, 'Main Character'),
(99, 46, 'Second Character'),
(100, 46, 'Villan'),
(101, 47, 'Main Character'),
(102, 47, 'Second Character'),
(103, 47, 'Villan'),
(104, 48, 'Main Character'),
(105, 48, 'Second Character'),
(106, 48, 'Villan'),
(107, 49, 'Main Character'),
(108, 49, 'Second Character'),
(109, 49, 'Villan'),
(110, 50, 'Main Character'),
(111, 50, 'Second Character'),
(112, 50, 'Villan'),
(113, 51, 'Main Character'),
(114, 51, 'Second Character'),
(115, 51, 'Villan'),
(116, 52, 'Main Character'),
(117, 52, 'Second Character'),
(118, 52, 'Villan'),
(119, 53, 'Main Character'),
(120, 53, 'Second Character'),
(121, 53, 'Villan'),
(122, 54, 'Main Character'),
(123, 54, 'Second Character'),
(124, 54, 'Villan'),
(125, 55, 'Main Character'),
(126, 55, 'Second Character'),
(127, 55, 'Villan'),
(128, 56, 'Main Character'),
(129, 56, 'Second Character'),
(130, 56, 'Villan'),
(131, 57, 'Main Character'),
(132, 57, 'Second Character'),
(133, 57, 'Villan'),
(134, 58, 'Main Character'),
(135, 58, 'Second Character'),
(136, 58, 'Villan'),
(137, 59, 'Main Character'),
(138, 59, 'Second Character'),
(139, 59, 'Villan'),
(140, 60, 'Main Character'),
(141, 60, 'Second Character'),
(142, 60, 'Villan'),
(143, 61, 'Main Character'),
(144, 61, 'Second Character'),
(145, 61, 'Villan'),
(146, 62, 'Main Character'),
(147, 62, 'Second Character'),
(148, 62, 'Villan'),
(149, 63, 'Main Character'),
(150, 63, 'Second Character'),
(151, 63, 'Villan'),
(152, 64, 'Main Character'),
(153, 64, 'Second Character'),
(154, 64, 'Villan'),
(155, 65, 'Main Character'),
(156, 65, 'Second Character'),
(157, 65, 'Villan'),
(158, 66, 'Main Character'),
(159, 66, 'Second Character'),
(160, 66, 'Villan'),
(161, 67, 'Main Character'),
(162, 67, 'Second Character'),
(163, 67, 'Villan'),
(164, 68, 'Main Character'),
(165, 68, 'Second Character'),
(166, 68, 'Villan'),
(167, 69, 'Main Character'),
(168, 69, 'Second Character'),
(169, 69, 'Villan'),
(170, 70, 'Main Character'),
(171, 70, 'Second Character'),
(172, 70, 'Villan'),
(173, 71, 'Main Character'),
(174, 71, 'Second Character'),
(175, 71, 'Villan'),
(176, 72, 'Main Character'),
(177, 72, 'Second Character'),
(178, 72, 'Villan'),
(179, 73, 'Main Character'),
(180, 73, 'Second Character'),
(181, 73, 'Villan'),
(182, 74, 'Main Character'),
(183, 74, 'Second Character'),
(184, 74, 'Villan'),
(185, 75, 'Main Character'),
(186, 75, 'Second Character'),
(187, 75, 'Villan'),
(188, 76, 'Main Character'),
(189, 76, 'Second Character'),
(190, 76, 'Villan'),
(191, 77, 'Main Character'),
(192, 77, 'Second Character'),
(193, 77, 'Villan'),
(194, 78, 'Main Character'),
(195, 78, 'Second Character'),
(196, 78, 'Villan'),
(197, 79, 'Main Character'),
(198, 79, 'Second Character'),
(199, 79, 'Villan'),
(200, 80, 'Main Character'),
(201, 80, 'Second Character'),
(202, 80, 'Villan'),
(203, 81, 'Main Character'),
(204, 81, 'Second Character'),
(205, 81, 'Villan'),
(206, 82, 'Main Character'),
(207, 82, 'Second Character'),
(208, 82, 'Villan'),
(209, 83, 'Main Character'),
(210, 83, 'Second Character'),
(211, 83, 'Villan'),
(212, 84, 'Main Character'),
(213, 84, 'Second Character'),
(214, 84, 'Villan'),
(215, 85, 'Main Character'),
(216, 85, 'Second Character'),
(217, 85, 'Villan'),
(218, 86, 'Main Character'),
(219, 86, 'Second Character'),
(220, 86, 'Villan'),
(221, 87, 'Main Character'),
(222, 87, 'Second Character'),
(223, 87, 'Villan'),
(224, 88, 'Main Character'),
(225, 88, 'Second Character'),
(226, 88, 'Villan'),
(227, 89, 'Main Character'),
(228, 89, 'Second Character'),
(229, 89, 'Villan'),
(230, 90, 'Main Character'),
(231, 90, 'Second Character'),
(232, 90, 'Villan'),
(233, 91, 'Main Character'),
(234, 91, 'Second Character'),
(235, 91, 'Villan'),
(236, 92, 'Main Character'),
(237, 92, 'Second Character'),
(238, 92, 'Villan'),
(239, 93, 'Main Character'),
(240, 93, 'Second Character'),
(241, 93, 'Villan'),
(242, 94, 'Main Character'),
(243, 94, 'Second Character'),
(244, 94, 'Villan'),
(245, 95, 'Main Character'),
(246, 95, 'Second Character'),
(247, 95, 'Villan'),
(248, 96, 'Main Character'),
(249, 96, 'Second Character'),
(250, 96, 'Villan'),
(251, 97, 'Main Character'),
(252, 97, 'Second Character'),
(253, 97, 'Villan'),
(254, 98, 'Main Character'),
(255, 98, 'Second Character'),
(256, 98, 'Villan'),
(257, 99, 'Main Character'),
(258, 99, 'Second Character'),
(259, 99, 'Villan'),
(260, 100, 'Main Character'),
(261, 100, 'Second Character'),
(262, 100, 'Villan'),
(263, 101, 'Main Character'),
(264, 101, 'Second Character'),
(265, 101, 'Villan'),
(266, 102, 'Main Character'),
(267, 102, 'Second Character'),
(268, 102, 'Villan'),
(269, 103, 'Main Character'),
(270, 103, 'Second Character'),
(271, 103, 'Villan'),
(272, 104, 'Main Character'),
(273, 104, 'Second Character'),
(274, 104, 'Villan'),
(275, 105, 'Main Character'),
(276, 105, 'Second Character'),
(277, 105, 'Villan'),
(278, 106, 'Main Character'),
(279, 106, 'Second Character'),
(280, 106, 'Villan'),
(281, 107, 'Main Character'),
(282, 107, 'Second Character'),
(283, 107, 'Villan'),
(284, 108, 'Main Character'),
(285, 108, 'Second Character'),
(286, 108, 'Villan'),
(287, 109, 'Main Character'),
(288, 109, 'Second Character'),
(289, 109, 'Villan'),
(290, 111, 'Main Character'),
(291, 111, 'Second Character'),
(292, 111, 'Villan'),
(293, 112, 'Main Character'),
(294, 112, 'Second Character'),
(295, 112, 'Villan'),
(296, 113, 'Main Character'),
(297, 113, 'Second Character'),
(298, 113, 'Villan'),
(299, 114, 'Main Character'),
(300, 114, 'Second Character'),
(301, 114, 'Villan'),
(302, 115, 'Main Character'),
(303, 115, 'Second Character'),
(304, 115, 'Villan'),
(305, 116, 'Main Character'),
(306, 116, 'Second Character'),
(307, 116, 'Villan'),
(308, 117, 'Main Character'),
(309, 117, 'Second Character'),
(310, 117, 'Villan'),
(311, 118, 'Main Character'),
(312, 118, 'Second Character'),
(313, 118, 'Villan'),
(314, 119, 'Main Character'),
(315, 119, 'Second Character'),
(316, 119, 'Villan'),
(317, 120, 'Main Character'),
(318, 120, 'Second Character'),
(319, 120, 'Villan'),
(320, 121, 'Main Character'),
(321, 121, 'Second Character'),
(322, 121, 'Villan'),
(323, 122, 'Main Character'),
(324, 122, 'Second Character'),
(325, 122, 'Villan'),
(326, 123, 'Main Character'),
(327, 123, 'Second Character'),
(328, 123, 'Villan'),
(329, 124, 'Main Character'),
(330, 124, 'Second Character'),
(331, 124, 'Villan'),
(332, 125, 'Main Character'),
(333, 125, 'Second Character'),
(334, 125, 'Villan'),
(335, 126, 'Main Character'),
(336, 126, 'Second Character'),
(337, 126, 'Villan'),
(338, 127, 'Main Character'),
(339, 127, 'Second Character'),
(340, 127, 'Villan'),
(341, 128, 'Main Character'),
(342, 128, 'Second Character'),
(343, 128, 'Villan'),
(344, 129, 'Main Character'),
(345, 129, 'Second Character'),
(346, 129, 'Villan'),
(347, 130, 'Main Character'),
(348, 130, 'Second Character'),
(349, 130, 'Villan'),
(350, 131, 'Main Character'),
(351, 131, 'Second Character'),
(352, 131, 'Villan'),
(353, 132, 'Main Character'),
(354, 132, 'Second Character'),
(355, 132, 'Villan'),
(356, 133, 'Main Character'),
(357, 133, 'Second Character'),
(358, 133, 'Villan'),
(359, 134, 'Main Character'),
(360, 134, 'Second Character'),
(361, 134, 'Villan'),
(362, 135, 'Main Character'),
(363, 135, 'Second Character'),
(364, 135, 'Villan'),
(365, 136, 'Main Character'),
(366, 136, 'Second Character'),
(367, 136, 'Villan'),
(368, 137, 'Main Character'),
(369, 137, 'Second Character'),
(370, 137, 'Villan'),
(371, 138, 'Main Character'),
(372, 138, 'Second Character'),
(373, 138, 'Villan'),
(374, 139, 'Main Character'),
(375, 139, 'Second Character'),
(376, 139, 'Villan'),
(377, 140, 'Main Character'),
(378, 140, 'Second Character'),
(379, 140, 'Villan'),
(380, 141, 'Main Character'),
(381, 141, 'Second Character'),
(382, 141, 'Villan'),
(383, 142, 'Main Character'),
(384, 142, 'Second Character'),
(385, 142, 'Villan'),
(386, 143, 'Main Character'),
(387, 143, 'Second Character'),
(388, 143, 'Villan'),
(389, 144, 'Main Character'),
(390, 144, 'Second Character'),
(391, 144, 'Villan'),
(392, 145, 'Main Character'),
(393, 145, 'Second Character'),
(394, 145, 'Villan'),
(395, 146, 'Main Character'),
(396, 146, 'Second Character'),
(397, 146, 'Villan'),
(398, 147, 'Main Character'),
(399, 147, 'Second Character'),
(400, 147, 'Villan'),
(401, 148, 'Main Character'),
(402, 148, 'Second Character'),
(403, 148, 'Villan'),
(404, 149, 'Main Character'),
(405, 149, 'Second Character'),
(406, 149, 'Villan'),
(407, 150, 'Main Character'),
(408, 150, 'Second Character'),
(409, 150, 'Villan'),
(410, 151, 'Main Character'),
(411, 151, 'Second Character'),
(412, 151, 'Villan'),
(413, 152, 'Main Character'),
(414, 152, 'Second Character'),
(415, 152, 'Villan'),
(416, 153, 'Main Character'),
(417, 153, 'Second Character'),
(418, 153, 'Villan'),
(419, 154, 'Main Character'),
(420, 154, 'Second Character'),
(421, 154, 'Villan'),
(422, 155, 'Main Character'),
(423, 155, 'Second Character'),
(424, 155, 'Villan'),
(425, 156, 'Main Character'),
(426, 156, 'Second Character'),
(427, 156, 'Villan'),
(428, 157, 'Main Character'),
(429, 157, 'Second Character'),
(430, 157, 'Villan'),
(431, 158, 'Main Character'),
(432, 158, 'Second Character'),
(433, 158, 'Villan'),
(434, 159, 'Main Character'),
(435, 159, 'Second Character'),
(436, 159, 'Villan'),
(437, 160, 'Main Character'),
(438, 160, 'Second Character'),
(439, 160, 'Villan'),
(440, 161, 'Main Character'),
(441, 161, 'Second Character'),
(442, 161, 'Villan'),
(443, 162, 'Main Character'),
(444, 162, 'Second Character'),
(445, 162, 'Villan'),
(446, 163, 'Main Character'),
(447, 163, 'Second Character'),
(448, 163, 'Villan'),
(449, 164, 'Main Character'),
(450, 164, 'Second Character'),
(451, 164, 'Villan'),
(452, 165, 'Main Character'),
(453, 165, 'Second Character'),
(454, 165, 'Villan'),
(455, 166, 'Main Character'),
(456, 166, 'Second Character'),
(457, 166, 'Villan'),
(458, 167, 'Main Character'),
(459, 167, 'Second Character'),
(460, 167, 'Villan'),
(461, 168, 'Main Character'),
(462, 168, 'Second Character'),
(463, 168, 'Villan'),
(464, 169, 'Main Character'),
(465, 169, 'Second Character'),
(466, 169, 'Villan'),
(467, 170, 'Main Character'),
(468, 170, 'Second Character'),
(469, 170, 'Villan'),
(470, 171, 'Main Character'),
(471, 171, 'Second Character'),
(472, 171, 'Villan'),
(473, 172, 'Main Character'),
(474, 172, 'Second Character'),
(475, 172, 'Villan'),
(476, 173, 'Main Character'),
(477, 173, 'Second Character'),
(478, 173, 'Villan'),
(479, 174, 'Main Character'),
(480, 174, 'Second Character'),
(481, 174, 'Villan'),
(482, 175, 'Main Character'),
(483, 175, 'Second Character'),
(484, 175, 'Villan'),
(485, 176, 'Main Character'),
(486, 176, 'Second Character'),
(487, 176, 'Villan'),
(488, 177, 'Main Character'),
(489, 177, 'Second Character'),
(490, 177, 'Villan'),
(491, 178, 'Main Character'),
(492, 178, 'Second Character'),
(493, 178, 'Villan'),
(494, 179, 'Main Character'),
(495, 179, 'Second Character'),
(496, 179, 'Villan'),
(497, 180, 'Main Character'),
(498, 180, 'Second Character'),
(499, 180, 'Villan'),
(500, 181, 'Main Character'),
(501, 181, 'Second Character'),
(502, 181, 'Villan'),
(503, 182, 'Main Character'),
(504, 182, 'Second Character'),
(505, 182, 'Villan'),
(506, 183, 'Main Character'),
(507, 183, 'Second Character'),
(508, 183, 'Villan'),
(509, 184, 'Main Character'),
(510, 184, 'Second Character'),
(511, 184, 'Villan'),
(512, 185, 'Main Character'),
(513, 185, 'Second Character'),
(514, 185, 'Villan'),
(515, 186, 'Main Character'),
(516, 186, 'Second Character'),
(517, 186, 'Villan'),
(518, 187, 'Main Character'),
(519, 187, 'Second Character'),
(520, 187, 'Villan'),
(521, 188, 'Main Character'),
(522, 188, 'Second Character'),
(523, 188, 'Villan'),
(524, 189, 'Main Character'),
(525, 189, 'Second Character'),
(526, 189, 'Villan');

-- --------------------------------------------------------

--
-- Struttura della tabella `pg`
--

CREATE TABLE `pg` (
  `id` int(11) NOT NULL,
  `first_name` varchar(50) NOT NULL,
  `last_name` varchar(50) NOT NULL,
  `gender` enum('Male','Female') NOT NULL,
  `description` varchar(300) NOT NULL,
  `img` text NOT NULL
) ENGINE=InnoDB DEFAULT CHARSET=utf8;

--
-- Dump dei dati per la tabella `pg`
--

INSERT INTO `pg` (`id`, `first_name`, `last_name`, `gender`, `description`, `img`) VALUES
(2, 'Marlana', 'Pollard', 'Female', 'The agile, nihilistic, boring champion.', 'female/female_181.jpg'),
(3, 'Daphine', 'Knibbe', 'Female', 'The boring vetrenarian.', 'female/female_240.jpg'),
(4, 'Mora', 'Mcmillan', 'Female', 'The detached mentor.', 'female/female_083.jpg'),
(5, 'Fredric', 'Mccann', 'Male', 'The mercenary with a chemical dependency.', 'male/male_096.jpg'),
(6, 'Hilde', 'Shannon', 'Female', 'The enduring, logical, smooth police chief.', 'female/female_171.jpg'),
(7, 'Rubi', 'Villegas', 'Female', 'The athletic, selfless teacher from nowhere.', 'female/female_102.jpg'),
(8, 'Blondell', 'Fischer', 'Female', 'The weak, whiny pharmacist who is estranged from family members.', 'female/female_115.jpg'),
(9, 'Alyssa', 'Maddox', 'Female', 'The ugly astronaut.', 'female/female_215.jpg'),
(10, 'Otha', 'Navarro', 'Male', 'The weak, unbalanced impostor.', 'male/male_023.jpg'),
(11, 'Santo', 'Gay', 'Male', 'The poised, ambitious jock.', 'male/male_196.jpg'),
(12, 'Lilli', 'Fowler', 'Female', 'The unathletic, spendthrift, clinging space hitchiker.', 'female/female_198.jpg'),
(13, 'Donette', 'Pineda', 'Female', 'The crippled, detached, amiable spy.', 'female/female_188.jpg'),
(14, 'Dinah', 'van Seumeren', 'Female', 'The unremarkable, intimidating alchemist who lives under a curse.', 'female/female_044.jpg'),
(15, 'Trudie', 'Brady', 'Female', 'The mature, pompous space fighter.', 'female/female_227.jpg'),
(16, 'Neville', 'Joyner', 'Male', 'The sarcastic, bullying trader.', 'male/male_081.jpg'),
(17, 'August', 'Vreemdt', 'Male', 'The enduring, hateful marine with repressed memories.', 'male/male_217.jpg'),
(18, 'Gaye', 'van Capelle', 'Female', 'The tough, unpredictable, homely inventor who is seeking meaning in life.', 'female/female_041.jpg'),
(19, 'Setsuko', 'Boet', 'Female', 'The moral construction worker hitch-hiking across the known universe.', 'female/female_228.jpg'),
(20, 'Ryan', 'van Maurik', 'Male', 'The agile, nice philosopher.', 'male/male_247.jpg'),
(21, 'Carter', 'Shaw', 'Male', 'The strong traitor who is estranged from family members.', 'male/male_057.jpg'),
(22, 'Kit', 'Hanson', 'Female', 'The antisocial super computer.', 'female/female_081.jpg'),
(23, 'Trisha', 'Lemmers', 'Female', 'The wise, friendly shuttlecraft pilot.', 'female/female_255.jpg'),
(24, 'Danilo', 'Walters', 'Male', 'The healthy, funny prospector.', 'male/male_039.jpg'),
(25, 'Alonzo', 'Torres', 'Male', 'The strong, misunderstood, unfriendly druid.', 'male/male_186.jpg'),
(26, 'Clarence', 'van Luyn', 'Male', 'The plain comic who worships unkown gods.', 'male/male_231.jpg'),
(27, 'Tommy', 'Hegt', 'Male', 'The unathletic, boastful prostitute who has an odd way of speaking.', 'male/male_246.jpg'),
(28, 'Emmett', 'Spijker', 'Male', 'The graceful hermit.', 'male/male_022.jpg'),
(29, 'Jewel', 'Weenink', 'Female', 'The misguided, cute operations manager.', 'female/female_137.jpg'),
(30, 'Kristin', 'Teisnern', 'Female', 'The tireless, sarcastic android.', 'female/female_124.jpg'),
(31, 'Emilio', 'Tyson', 'Male', 'The enduring, disloyal bandit.', 'male/male_169.jpg'),
(32, 'Warner', 'Webster', 'Male', 'The aged, elegant spy.', 'male/male_168.jpg'),
(33, 'Jalisa', 'Farrell', 'Female', 'The educated rabble-rouser.', 'female/female_027.jpg'),
(34, 'Romelia', 'Ingram', 'Female', 'The striking, eccentric, ethical virtual reality engineer searching for employment.', 'female/female_056.jpg'),
(35, 'Gregory', 'de Ruiter', 'Male', 'The graceful, cute starship engineer who is considered the best in his/her profession.', 'male/male_189.jpg'),
(36, 'Jonie', 'Yates', 'Female', 'The selfish politician searching for purpose.', 'female/female_060.jpg'),
(37, 'Cordia', 'Figueroa', 'Female', 'The poised, wistful android.', 'female/female_042.jpg'),
(38, 'Brianne', 'Vance', 'Female', 'The crippled, bigoted life support technician who loves animals.', 'female/female_236.jpg'),
(39, 'Anya', 'Cantu', 'Female', 'The awkward, unjust linguist.', 'female/female_185.jpg'),
(40, 'Cleo', 'Reilly', 'Male', 'The charismatic AI computer who is estranged from his/her race.', 'male/male_121.jpg'),
(41, 'Gwyneth', 'Aguilar', 'Female', 'The plain, moral virtual reality engineer on an important journey through time.', 'female/female_113.jpg'),
(42, 'Kymberly', 'Dillon', 'Female', 'The unathletic, kind starship salesperson.', 'female/female_162.jpg'),
(43, 'Rigoberto', 'van Beek', 'Male', 'The poised, principled, gentle planetary explorer needing a friend.', 'male/male_068.jpg'),
(44, 'Peter', 'Meadows', 'Male', 'The unhealthy, bloodthirsty, patriotic starship salesperson with repressed memories.', 'male/male_034.jpg'),
(45, 'Stephan', 'Roger', 'Male', 'The enduring, unpredictable, domineering poet.', 'male/male_043.jpg'),
(46, 'Manuel', 'Cervantes', 'Male', 'The hunter with a rival in his/her profession.', 'male/male_064.jpg'),
(47, 'Thad', 'Delgado', 'Male', 'The dexterous, cheerful, tolerant acrobat.', 'male/male_071.jpg'),
(48, 'Erin', 'van Keulen', 'Male', 'The opportunistic teacher needing a friend.', 'male/male_140.jpg'),
(49, 'Lashaun', 'Blackwell', 'Female', 'The eccentric, broken-hearted beastmaster who has rare occult knowledge.', 'female/female_118.jpg'),
(50, 'Bridgette', 'Otway', 'Female', 'The strong prostitute who is more than meets the eye.', 'female/female_109.jpg'),
(51, 'Thalia', 'Woods', 'Female', 'The boring, intimidating computer personality copy.', 'female/female_257.jpg'),
(52, 'Sol', 'Moyer', 'Female', 'The crippled, playful medical officer who suffers from a chronic disease.', 'female/female_139.jpg'),
(53, 'Lloyd', 'Cunningham', 'Male', 'The young, weak hero.', 'male/male_054.jpg'),
(54, 'Matha', 'Kane', 'Female', 'The acrobatic, altruistic witch-hunter who was blessed by the gods.', 'female/female_128.jpg'),
(55, 'Maynard', 'Savage', 'Male', 'The enduring, spiritual, ugly football player.', 'male/male_036.jpg'),
(56, 'Leanne', 'Higgins', 'Female', 'The immoral student.', 'female/female_120.jpg'),
(57, 'Gabriel', 'Lozano', 'Male', 'The young, materialistic, aloof farmer who is an outsider.', 'male/male_257.jpg'),
(58, 'Jerald', 'Barton', 'Male', 'The nimble priestess.', 'male/male_062.jpg'),
(59, 'Belle', 'Bray', 'Female', 'The fence with a peculiar affinity for magic.', 'female/female_036.jpg'),
(60, 'Blair', 'Edwards', 'Male', 'The aged bartender on the run from the law.', 'male/male_083.jpg'),
(61, 'Aleida', 'Sullivan', 'Female', 'The tireless, patronizing stockbroker with a lot of friends.', 'female/female_116.jpg'),
(62, 'Shanelle', 'Kilwinnet', 'Female', 'The absent-minded smuggler.', 'female/female_246.jpg'),
(63, 'Douglass', 'Ett', 'Male', 'The linquistics expert who is actually an alien entity.', 'male/male_235.jpg'),
(64, 'Candelaria', 'Veldkamp', 'Female', 'The agile AI computer.', 'female/female_210.jpg'),
(65, 'Rey', 'Valenzuela', 'Male', 'The agile, fearsome rabble-rouser who fears people think he/she is a fraud.', 'male/male_154.jpg'),
(66, 'Orval', 'van Zijderveld', 'Male', 'The unpredictable, whiny mentor.', 'male/male_028.jpg'),
(67, 'Liberty', 'Roodnat', 'Female', 'The confused, greedy pharmacist.', 'female/female_131.jpg'),
(68, 'Norbert', 'Armstrong', 'Male', 'The awkward, composed space fighter.', 'male/male_044.jpg'),
(69, 'Mel', 'van Rossem', 'Male', 'The awkward pharmacist haunted by dark memories.', 'male/male_116.jpg'),
(70, 'Twanna', 'van der Gouwe', 'Female', 'The sickly lawman searching for purpose.', 'female/female_088.jpg'),
(71, 'Dale', 'Stein', 'Male', 'The weak-willed, hateful architect with little money.', 'male/male_066.jpg'),
(72, 'George', 'Kerkhof', 'Male', 'The healthy, peace-loving, greedy xenoarcheologist.', 'male/male_172.jpg'),
(73, 'Angelena', 'Roberson', 'Female', 'The patriotic investor.', 'female/female_216.jpg'),
(74, 'Karol', 'Burch', 'Female', 'The adventurer escpaing the past.', 'female/female_165.jpg'),
(75, 'Faviola', 'Bullock', 'Female', 'The unethical student.', 'female/female_263.jpg'),
(76, 'Gina', 'Villarreal', 'Female', 'The weak, watchful, unethical xenomedical expert.', 'female/female_058.jpg'),
(77, 'Danilo', 'Komen', 'Male', 'The sickly, amiable time traveller.', 'male/male_160.jpg'),
(78, 'Mandi', 'Beltran', 'Female', 'The stupid, outgoing prospector living on borrowed time.', 'female/female_127.jpg'),
(79, 'Alleen', 'van Langelaer', 'Female', 'The nimble, innocent, posturing cyberneticist.', 'female/female_193.jpg'),
(80, 'Ramonita', 'Richardson', 'Female', 'The plain philanthropist with a heart of gold.', 'female/female_224.jpg'),
(81, 'Carey', 'Blackburn', 'Male', 'The crippled boatman.', 'male/male_093.jpg'),
(82, 'Louie', 'Dickerson', 'Male', 'The miserly, unfriendly virtual reality engineer on an important journey through time.', 'male/male_219.jpg'),
(83, 'Jamison', 'Goes', 'Male', 'The willful, paranoid time travel technician.', 'male/male_051.jpg'),
(84, 'Olin', 'Zuniga', 'Male', 'The dexterous laborer.', 'male/male_085.jpg'),
(85, 'Margarita', 'Uijttenbogaard', 'Female', 'The nice murderer searching for employment.', 'female/female_074.jpg'),
(86, 'Ricardo', 'Nieves', 'Male', 'The militant biologist.', 'male/male_148.jpg'),
(87, 'Jame', 'van Deijl', 'Male', 'The tireless, committed, clinging bartender.', 'male/male_240.jpg'),
(88, 'Walker', 'Velez', 'Male', 'The enduring, contemplative gigolo.', 'male/male_084.jpg'),
(89, 'Erma', 'Hammond', 'Female', 'The healer with a lot of friends.', 'female/female_111.jpg'),
(90, 'Clyde', 'Kleyn', 'Male', 'The awkward bartender with big dreams.', 'male/male_143.jpg'),
(91, 'Sabina', 'Hancock', 'Female', 'The agile, lonely, tolerant herbologist with divine blood.', 'female/female_009.jpg'),
(92, 'Olinda', 'Berger', 'Female', 'The vicious time traveller who fell in with the wrong crowd.', 'female/female_096.jpg'),
(93, 'Mari', 'Head', 'Female', 'The super computer searching for truth.', 'female/female_179.jpg'),
(94, 'Zonia', 'Ryan', 'Female', 'The immature space fighter.', 'female/female_053.jpg'),
(95, 'Martin', 'van Linden', 'Male', 'The humble bandit.', 'male/male_176.jpg'),
(96, 'Earleen', 'Roeklofsdr', 'Female', 'The persuasive gambler who suffers from a chronic disease.', 'female/female_047.jpg'),
(97, 'Thomas', 'Mcneil', 'Male', 'The murderer who has a demonic connection.', 'male/male_014.jpg'),
(98, 'Raphael', 'Bieren', 'Male', 'The space pirate with big dreams.', 'male/male_202.jpg'),
(99, 'Kevin', 'van Asperen', 'Male', 'The acrobatic rascal.', 'male/male_135.jpg'),
(100, 'Isidro', 'Green', 'Male', 'The clumsy, nihilistic, unjust starship salesperson.', 'male/male_060.jpg'),
(101, 'Malcom', 'Hughes', 'Male', 'The tireless beggar who hopes to be the best in his/her profession.', 'male/male_050.jpg'),
(102, 'Obdulia', 'Reijmerrs', 'Female', 'The graceful, hateful laborer.', 'female/female_038.jpg'),
(103, 'Susanna', 'Randall', 'Female', 'The tireless, aloof, playful poet from a big family.', 'female/female_085.jpg'),
(104, 'Abe', 'Wagner', 'Male', 'The strong, short-tempered, disloyal artificial life form who loves animals.', 'male/male_147.jpg'),
(105, 'Erlinda', 'van Helpen', 'Female', 'The promiscuous pretender with a chemical dependency.', 'female/female_266.jpg'),
(106, 'Karena', 'Arias', 'Female', 'The confident, sleazy mercenary.', 'female/female_073.jpg'),
(107, 'Augustina', 'Buitenweg', 'Female', 'The combative, attractive cyberpunk whose species has odd reproductive habits.', 'female/female_107.jpg'),
(108, 'German', 'Ett', 'Male', 'The aged rogue.', 'male/male_037.jpg'),
(109, 'Noel', 'Alexander', 'Male', 'The self-righteous cleric.', 'male/male_233.jpg'),
(110, 'Amado', 'Howard', 'Male', 'The strong, brave necromancer haunted by dark memories.', 'male/male_215.jpg'),
(111, 'Rolf', 'van Riemsdijk', 'Male', 'The agile prostitute.', 'male/male_001.jpg'),
(112, 'Sonny', 'Acosta', 'Male', 'The noble with unexpected depths.', 'male/male_192.jpg'),
(113, 'Ben', 'Peled', 'Male', 'The nimble, wild healer.', 'male/male_173.jpg'),
(114, 'Bart', 'van Harn', 'Male', 'The philandering linquistics expert.', 'male/male_128.jpg'),
(115, 'Shane', 'Costa', 'Male', 'The striking, conformist, kind leader.', 'male/male_230.jpg'),
(116, 'Katerine', 'Rosales', 'Female', 'The detached, tactless hermit.', 'female/female_125.jpg'),
(117, 'Ronald', 'Blackburn', 'Male', 'The awkward, intelligent, promiscuous time traveller.', 'male/male_229.jpg'),
(118, 'Jackelyn', 'Howe', 'Female', 'The sickly, brutal bartender.', 'female/female_012.jpg'),
(119, 'Santo', 'Lindsey', 'Male', 'The enduring, vocal queen whose family line was magically enhanced.', 'male/male_047.jpg'),
(120, 'Harland', 'Otten', 'Male', 'The unfriendly robot.', 'male/male_107.jpg'),
(121, 'Donnette', 'van Osch', 'Female', 'The rude priestess.', 'female/female_219.jpg'),
(122, 'Scottie', 'Hyslop', 'Male', 'The awkward, sarcastic official.', 'male/male_090.jpg'),
(123, 'Erica', 'van Es', 'Female', 'The greedy librarian from a small family.', 'female/female_262.jpg'),
(124, 'Russell', 'Cross', 'Male', 'The immature, manipulative time travel technician who can\'t resist a fight.', 'male/male_098.jpg'),
(125, 'Coretta', 'Jelis', 'Female', 'The graceful, wise, hateful comic.', 'female/female_129.jpg'),
(126, 'Merilyn', 'Moody', 'Female', 'The athletic smuggler.', 'female/female_075.jpg'),
(127, 'Donte', 'Besemer', 'Male', 'The young, delusional, withdrawn midwife who suffers from a chronic disease.', 'male/male_015.jpg'),
(128, 'Fonda', 'Sharpe', 'Female', 'The agile, tactless, moral explorer.', 'female/female_157.jpg'),
(129, 'Mike', 'Reynolds', 'Male', 'The quiet alien.', 'male/male_127.jpg'),
(130, 'Jeremy', 'Greene', 'Male', 'The tough, weak-willed, selfless time traveller.', 'male/male_236.jpg'),
(131, 'Pedro', 'Gay', 'Male', 'The unjust architect who has an odd way of speaking.', 'male/male_220.jpg'),
(132, 'Klara', 'Wade', 'Female', 'The unathletic politician with a knack for trouble.', 'female/female_158.jpg'),
(133, 'Thalia', 'Ibarra', 'Female', 'The young, righteous, open-minded cab driver.', 'female/female_079.jpg'),
(134, 'Elayne', 'Ramsey', 'Female', 'The strong, illogical explorer.', 'female/female_005.jpg'),
(135, 'Jerrod', 'Carrillo', 'Male', 'The unhealthy, unconfident, popular bandit.', 'male/male_031.jpg'),
(136, 'Sirena', 'Travis', 'Female', 'The weak, sleazy starship salesperson who can\'t resist helping people.', 'female/female_039.jpg'),
(137, 'Hollis', 'Snider', 'Male', 'The conceited weapons master from a bad family.', 'male/male_165.jpg'),
(138, 'Ladawn', 'Stephens', 'Female', 'The sickly, nice coachman.', 'female/female_017.jpg'),
(139, 'Hank', 'Huang', 'Male', 'The amiable astrologer.', 'male/male_134.jpg'),
(140, 'Elliot', 'Smits', 'Male', 'The broken-hearted, introverted actor searching for employment.', 'male/male_190.jpg'),
(141, 'Christa', 'Baxter', 'Female', 'The persuasive, domineering hermit who is an outsider.', 'female/female_209.jpg'),
(142, 'Luis', 'Roukes', 'Male', 'The time traveller looking for a challenge.', 'male/male_103.jpg'),
(143, 'Clinton', 'de Bouter', 'Male', 'The weak ambassador.', 'male/male_126.jpg'),
(144, 'Leila', 'Koetsier', 'Female', 'The selfish space fighter from a good family.', 'female/female_133.jpg'),
(145, 'Truman', 'Terry', 'Male', 'The nimble, organized, withdrawn murderer.', 'male/male_171.jpg'),
(146, 'Harley', 'Anokkee', 'Male', 'The unathletic, depressed, self-righteous pedlar.', 'male/male_249.jpg'),
(147, 'Kacie', 'Robles', 'Female', 'The aged, righteous astronaut.', 'female/female_154.jpg'),
(148, 'Sydney', 'Alexander', 'Female', 'The striking, obedient engineer who loves animals.', 'female/female_242.jpg'),
(149, 'Marisela', 'Hartog', 'Female', 'The rebellious, attractive AI computer.', 'female/female_024.jpg'),
(150, 'Angella', 'Gregory', 'Female', 'The sarcastic linguist.', 'female/female_223.jpg'),
(151, 'Sharie', 'Lyons', 'Female', 'The watchful, arrogant xenobotanist who is dependent on medication.', 'female/female_145.jpg'),
(152, 'Mika', 'Woodard', 'Female', 'The boastful merchant.', 'female/female_235.jpg'),
(153, 'Walker', 'Mccoy', 'Male', 'The enduring, depressed, kind android who fears a particular alien species.', 'male/male_115.jpg'),
(154, 'Hannah', 'Verhoef', 'Female', 'The introverted colonist.', 'female/female_122.jpg'),
(155, 'Lawanna', 'Copeland', 'Female', 'The healthy technician trapped by the past.', 'female/female_084.jpg'),
(156, 'Mervin', 'van der Mheen', 'Male', 'The tireless, boastful archivist who lost meaning in life.', 'male/male_225.jpg'),
(157, 'Felton', 'Best', 'Male', 'The poised, disorganized clone.', 'male/male_119.jpg'),
(158, 'Ann', 'Harrell', 'Female', 'The poised, biased, introverted mutant.', 'female/female_156.jpg'),
(159, 'Annika', 'Siimmons', 'Female', 'The tireless cyberneticist who is an outsider.', 'female/female_077.jpg'),
(160, 'Karan', 'Doyle', 'Female', 'The plain, artistic, odd hermit.', 'female/female_110.jpg'),
(161, 'Melissa', 'Roy', 'Female', 'The graceful spy on the wrong side of the law.', 'female/female_201.jpg'),
(162, 'Valeria', 'Novak', 'Female', 'The driven chief engineer whose world is run by a computer.', 'female/female_168.jpg'),
(163, 'Helen', 'van Gendringen', 'Female', 'The acrobatic cyberpunk.', 'female/female_049.jpg'),
(164, 'Harry', 'Wissink', 'Male', 'The enduring, paranoid, posturing teacher who seems insane.', 'male/male_035.jpg'),
(165, 'Zachariah', 'Oosthuijzen', 'Male', 'The whiny midwife.', 'male/male_077.jpg'),
(166, 'Filiberto', 'van Everdingen', 'Male', 'The detached rogue.', 'male/male_200.jpg'),
(167, 'Kimberley', 'Klokman', 'Female', 'The tireless, tolerant philanthropist.', 'female/female_247.jpg'),
(168, 'Gilbert', 'Dircks', 'Male', 'The indecisive, short-tempered advertising executive searching for truth.', 'male/male_138.jpg'),
(169, 'Tonia', 'Herman', 'Female', 'The unathletic, cute planetary explorer.', 'female/female_141.jpg'),
(170, 'Avery', 'Guerrero', 'Female', 'The burnt-out, brave ambassador with a heart of gold.', 'female/female_140.jpg'),
(171, 'Brittni', 'Peled', 'Female', 'The friendly elementalist who loves children.', 'female/female_100.jpg'),
(172, 'Joellen', 'van Rijn', 'Female', 'The tireless actor.', 'female/female_259.jpg'),
(173, 'Maryln', 'Frank', 'Female', 'The striking, unwise, intimidating hermit.', 'female/female_114.jpg'),
(174, 'Vern', 'Holt', 'Male', 'The tactful colonist.', 'male/male_175.jpg'),
(175, 'Ofelia', 'Jelis', 'Female', 'The boring magician.', 'female/female_032.jpg'),
(176, 'Pricilla', 'Todd', 'Female', 'The enduring grave robber.', 'female/female_087.jpg'),
(177, 'Lana', 'Oosthuizen', 'Female', 'The moral gigolo who loves animals.', 'female/female_144.jpg'),
(178, 'Kerstin', 'Mitchell', 'Female', 'The athletic, wild, domineering bodyguard.', 'female/female_256.jpg'),
(179, 'Corina', 'Pieters', 'Female', 'The altruistic space cargo hauler.', 'female/female_016.jpg'),
(180, 'Geoffrey', 'Dalton', 'Male', 'The lazy, arrogant traveler needing a friend.', 'male/male_179.jpg'),
(181, 'Avery', 'Stone', 'Male', 'The sickly doctor who is dependent on medication.', 'male/male_067.jpg'),
(182, 'Otha', 'van Drie', 'Male', 'The dexterous student needing a friend.', 'male/male_242.jpg'),
(183, 'Analisa', 'Browning', 'Female', 'The slothful, aloof tactical officer who lost meaning in life.', 'female/female_147.jpg'),
(184, 'Craig', 'Warner', 'Male', 'The dexterous mobster from a big family.', 'male/male_132.jpg'),
(185, 'Hershel', 'Bastiaans', 'Male', 'The experienced weapons master.', 'male/male_164.jpg'),
(186, 'Kiera', 'Donkerkaat', 'Female', 'The ignorant xenolinguist.', 'female/female_183.jpg'),
(187, 'Alysha', 'Mchoul', 'Female', 'The lonely mobster with uncanny abilities.', 'female/female_238.jpg'),
(188, 'Julio', 'Strong', 'Male', 'The cyberpunk who is dependent on medication.', 'male/male_151.jpg'),
(189, 'Brigitte', 'van Kuilenburg', 'Female', 'The vocal teacher from a big family.', 'female/female_054.jpg'),
(190, 'Drew', 'Pratt', 'Male', 'The awkward, unjust martial artist from nowhere.', 'male/male_188.jpg'),
(191, 'Kathyrn', 'van Wieringen', 'Female', 'The police chief from nowhere.', 'female/female_169.jpg'),
(192, 'Bert', 'Saunders', 'Male', 'The enduring, wise robot.', 'male/male_131.jpg'),
(193, 'Argentina', 'Paal', 'Female', 'The agile, experienced, playful bodyguard who is seeking meaning in life.', 'female/female_078.jpg'),
(194, 'Marty', 'Blevins', 'Female', 'The nimble, rude gambler.', 'female/female_051.jpg'),
(195, 'Beatris', 'Proctor', 'Female', 'The enduring, slovenly, heroic occultist whose family line was magically enhanced.', 'female/female_014.jpg'),
(196, 'Lurlene', 'Tissen', 'Female', 'The clumsy dungeon delver who has several nervous habits.', 'female/female_021.jpg'),
(197, 'Marica', 'Blom', 'Female', 'The unhealthy, peaceful heir.', 'female/female_072.jpg'),
(198, 'Windy', 'Hyslop', 'Female', 'The striking, misguided, patronizing jock who is estranged from family members.', 'female/female_046.jpg'),
(199, 'Joaquin', 'Britt', 'Male', 'The poised cyborg.', 'male/male_182.jpg'),
(200, 'Holly', 'Moyer', 'Female', 'The homely cyborg.', 'female/female_026.jpg'),
(201, 'Wilson', 'Wissink', 'Male', 'The adventurer who has an odd way of speaking.', 'male/male_026.jpg'),
(202, 'Cherish', 'Zwanenburg', 'Female', 'The manipulative businessperson.', 'female/female_105.jpg'),
(203, 'Luetta', 'Wilder', 'Female', 'The aloof teacher.', 'female/female_040.jpg'),
(204, 'Ferdinand', 'Koch', 'Male', 'The clinging, cooperative colonist who is more than meets the eye.', 'male/male_117.jpg'),
(205, 'Woodrow', 'Anthony', 'Male', 'The selfish, tolerant gigolo.', 'male/male_209.jpg'),
(206, 'Sean', 'Wang', 'Male', 'The opportunistic hermit.', 'male/male_010.jpg'),
(207, 'Jolie', 'Love', 'Female', 'The weak duke.', 'female/female_203.jpg'),
(208, 'Claretha', 'Pugh', 'Female', 'The strong, enduring AI computer.', 'female/female_196.jpg'),
(209, 'Garrett', 'Conrad', 'Male', 'The wild robot.', 'male/male_155.jpg'),
(210, 'Shizuko', 'van Capelle', 'Female', 'The domineering cleric haunted by dark memories.', 'female/female_178.jpg'),
(211, 'Adelaida', 'Brenk', 'Female', 'The healthy nanotechnologist.', 'female/female_177.jpg'),
(212, 'Salvador', 'Lynn', 'Male', 'The agile merchant.', 'male/male_177.jpg'),
(213, 'Isis', 'Koetsier', 'Female', 'The plain explorer haunted by flashbacks.', 'female/female_104.jpg'),
(214, 'Jarvis', 'Bilt', 'Male', 'The botanist who hates animals.', 'male/male_244.jpg'),
(215, 'Clay', 'Morgan', 'Male', 'The tough, nihilistic singer.', 'male/male_013.jpg'),
(216, 'Keneth', 'Stilting', 'Male', 'The misguided laborer.', 'male/male_082.jpg'),
(217, 'Wilford', 'Frieber', 'Male', 'The unbalanced rogue needing a friend.', 'male/male_114.jpg'),
(218, 'Karyl', 'Olson', 'Female', 'The unconfident politician from a small family.', 'female/female_200.jpg'),
(219, 'Maria', 'de Blanck', 'Female', 'The unheroic, righteous official.', 'female/female_161.jpg'),
(220, 'Pierre', 'Werps', 'Male', 'The strong, apathetic, friendly garbageman who is estranged from family members.', 'male/male_027.jpg'),
(221, 'Lyndsay', 'Bos', 'Female', 'The patriotic marine.', 'female/female_082.jpg'),
(222, 'Samuel', 'van Esch', 'Male', 'The unbalanced gigolo.', 'male/male_129.jpg'),
(223, 'Normand', 'Schuling', 'Male', 'The agile, domineering poet with a lot of friends.', 'male/male_252.jpg'),
(224, 'Shakira', 'van Woercom', 'Female', 'The young, aggravated, opinionated starship captain.', 'female/female_057.jpg'),
(225, 'Cory', 'Woodard', 'Male', 'The graceful, tactless, eccentric soldier.', 'male/male_118.jpg'),
(226, 'Belva', 'Mann', 'Female', 'The tolerant, introverted time traveller.', 'female/female_265.jpg'),
(227, 'Tyrell', 'Koren', 'Male', 'The charismatic leader from an unusual family line.', 'male/male_018.jpg'),
(228, 'Andy', 'Sims', 'Male', 'The crippled, unhappy, cute virtual reality engineer.', 'male/male_102.jpg'),
(229, 'Darrell', 'Dodson', 'Male', 'The joyful, bloodthirsty artificial life form with an odd birthmark.', 'male/male_205.jpg'),
(230, 'Kenda', 'Lorentz', 'Female', 'The alienated colonist.', 'female/female_015.jpg'),
(231, 'Bridgette', 'Brock', 'Female', 'The philandering, bloodthirsty planetary explorer from the future.', 'female/female_025.jpg'),
(232, 'Natosha', 'Lefeu', 'Female', 'The weapons master who is given to moments of deep introspection.', 'female/female_204.jpg'),
(233, 'Jettie', 'Groeneveld', 'Female', 'The young, eccentric, opinionated virtual reality engineer.', 'female/female_135.jpg'),
(234, 'Virgen', 'Goes', 'Female', 'The dexterous, scatterbrained sailor.', 'female/female_190.jpg'),
(235, 'Inez', 'Oneill', 'Female', 'The ethical gigolo.', 'female/female_010.jpg'),
(236, 'Ariana', 'Frieber', 'Female', 'The hateful, tolerant alien from the future.', 'female/female_182.jpg'),
(237, 'Zina', 'Salazar', 'Female', 'The tactful soldier.', 'female/female_117.jpg'),
(238, 'Delmer', 'Bertrand', 'Male', 'The short-tempered traveler searching for a lost friend.', 'male/male_210.jpg'),
(239, 'Tamra', 'Madden', 'Female', 'The funny traveler searching for justice.', 'female/female_048.jpg'),
(240, 'Michael', 'Grootendorst', 'Male', 'The alienated medical officer with a chemical dependency.', 'male/male_011.jpg'),
(241, 'Korey', 'Chang', 'Male', 'The agile, organized hunter.', 'male/male_158.jpg'),
(242, 'Keven', 'Hol', 'Male', 'The tireless starship salesperson.', 'male/male_211.jpg'),
(243, 'Jeffry', 'Porter', 'Male', 'The enduring, open-minded jailer searching for truth.', 'male/male_016.jpg'),
(244, 'Rich', 'Arias', 'Male', 'The gigolo looking for a challenge.', 'male/male_245.jpg'),
(245, 'Evonne', 'Mijzen', 'Female', 'The awkward android on an important journey through time.', 'female/female_091.jpg'),
(246, 'Wayne', 'Bauw', 'Male', 'The awestruck boatman.', 'male/male_105.jpg'),
(247, 'Chance', 'Morgan', 'Male', 'The unfriendly prophet.', 'male/male_184.jpg'),
(248, 'Jaimee', 'Knibbe', 'Female', 'The dexterous, biased sailor.', 'female/female_106.jpg'),
(249, 'Deloras', 'Horn', 'Female', 'The hermit who is estranged from family members.', 'female/female_229.jpg'),
(250, 'Rachel', 'Gay', 'Female', 'The smooth psychiatrist.', 'female/female_028.jpg'),
(251, 'Luanna', 'Burke', 'Female', 'The healthy, wistful, whiny elementalist who is heir to a kingdom.', 'female/female_067.jpg'),
(252, 'Fred', 'Watt', 'Male', 'The tireless, intelligent, corrupt construction worker who is estranged from his/her race.', 'male/male_208.jpg'),
(253, 'Scott', 'van Helpen', 'Male', 'The monster dojo owner who loves animals.', 'male/male_144.jpg'),
(254, 'Leroy', 'Sellers', 'Male', 'The nimble, dissatisfied fighter pilot.', 'male/male_224.jpg'),
(255, 'Cherri', 'Roberson', 'Female', 'The outgoing henchman who has yet to come into his/her true power.', 'female/female_034.jpg'),
(256, 'Hedwig', 'Lewis', 'Female', 'The enduring, worried dancer.', 'female/female_232.jpg'),
(257, 'Kenton', 'Lammers', 'Male', 'The dexterous, neurotic, playful coachman escpaing the past.', 'male/male_055.jpg'),
(258, 'Katerine', 'van Sam', 'Female', 'The enduring, patronizing watchman.', 'female/female_097.jpg'),
(259, 'Thomas', 'Garrett', 'Male', 'The strong monster fight fan with no hope.', 'male/male_029.jpg'),
(260, 'Keila', 'Case', 'Female', 'The strong, ignored monster rancher.', 'female/female_211.jpg'),
(261, 'Shane', 'Workman', 'Female', 'The clinging, unethical detective.', 'female/female_225.jpg'),
(262, 'Norbert', 'Gendringen', 'Male', 'The aged, courageous monster dojo owner.', 'male/male_206.jpg'),
(263, 'Jacob', 'Brock', 'Male', 'The puerile monster fight referee who has odd phobias about monsters.', 'male/male_156.jpg'),
(264, 'Bryce', 'de Haas', 'Male', 'The nimble, gentle herbologist with little money.', 'male/male_226.jpg'),
(265, 'Raeann', 'Bush', 'Female', 'The inhibited monster rights activist.', 'female/female_006.jpg'),
(266, 'Amal', 'Munoz', 'Female', 'The elegant, popular monster fight referee.', 'female/female_191.jpg'),
(267, 'Calista', 'Allen', 'Female', 'The healthy, lazy, cooperative cartographer who loves children.', 'female/female_230.jpg'),
(268, 'Renae', 'Perdon', 'Female', 'The shifty media technician who belongs to a secret organization.', 'female/female_094.jpg'),
(269, 'Amee', 'de Weerdt', 'Female', 'The addled, arrogant monster nurse.', 'female/female_023.jpg'),
(270, 'Nannette', 'Bonner', 'Female', 'The predictable computer personality copy.', 'female/female_134.jpg'),
(271, 'Phillip', 'Russo', 'Male', 'The awkward manager.', 'male/male_045.jpg'),
(272, 'Sal', 'Baruchi', 'Male', 'The apathetic, generous fortune-teller with a peculiar affinity for magic.', 'male/male_198.jpg'),
(273, 'Tory', 'Baxter', 'Male', 'The enduring, amiable super computer.', 'male/male_187.jpg'),
(274, 'Bettyann', 'Willet', 'Female', 'The clumsy wizard.', 'female/female_138.jpg'),
(275, 'Jason', 'Barlow', 'Male', 'The unpredictable cartographer.', 'male/male_078.jpg'),
(276, 'Kenia', 'Oosthuijzen', 'Female', 'The unheroic, paranoid smuggler.', 'female/female_176.jpg'),
(277, 'Jeffry', 'Wammes', 'Male', 'The odd jock.', 'male/male_048.jpg'),
(278, 'Colton', 'Hanson', 'Male', 'The opportunistic monster trainer with a dark past.', 'male/male_091.jpg'),
(279, 'Ed', 'Stelling', 'Male', 'The opinionated merchant.', 'male/male_212.jpg'),
(280, 'Fausto', 'Rhodes', 'Male', 'The happy monster rights activist with a lot of friends.', 'male/male_069.jpg'),
(281, 'Nick', 'Haley', 'Male', 'The unheroic monster hunter who is cursed with bad luck.', 'male/male_040.jpg'),
(282, 'Clyde', 'Brock', 'Male', 'The infamous super robot pilot.', 'male/male_124.jpg'),
(283, 'Zachary', 'Jansdr', 'Male', 'The aged, puerile colonist.', 'male/male_125.jpg'),
(284, 'Juan', 'Lee', 'Male', 'The fearsome monster rights activist who dislikes monsters.', 'male/male_216.jpg'),
(285, 'Quinn', 'de Rek', 'Male', 'The sickly, arrogant AI computer.', 'male/male_017.jpg'),
(286, 'Darell', 'Muir', 'Male', 'The vocal monster rights activist who is very protective of monsters.', 'male/male_191.jpg'),
(287, 'Trevor', 'Lester', 'Male', 'The dexterous, domineering arch-druid whose family line was magically enhanced.', 'male/male_030.jpg'),
(288, 'Neva', 'Krekel', 'Female', 'The moralizing xenobiologist.', 'female/female_043.jpg'),
(289, 'Booker', 'Hutchinson', 'Male', 'The athletic monster hunter who obsessively pursues monsters.', 'male/male_005.jpg'),
(290, 'Jackeline', 'Limmink', 'Female', 'The repairman from nowhere.', 'female/female_180.jpg'),
(291, 'Christeen', 'Clay', 'Female', 'The zoologist who is considered the worst in his/her profession.', 'female/female_231.jpg'),
(292, 'Carmelo', 'van der Woude', 'Male', 'The striking, grim, humble monster fight gambler who was raised with monsters.', 'male/male_180.jpg'),
(293, 'Efren', 'de Graeff', 'Male', 'The miserly monster fight gambler.', 'male/male_185.jpg'),
(294, 'Jessenia', 'Burch', 'Female', 'The moral official.', 'female/female_170.jpg'),
(295, 'Chasity', 'Madden', 'Female', 'The tough, worried, unpopular monster trainer escpaing the past.', 'female/female_070.jpg'),
(296, 'Kandice', 'Murillo', 'Female', 'The elegant rascal who had a near-death experience that changed them significantly.', 'female/female_221.jpg'),
(297, 'Giovanni', 'Tapia', 'Male', 'The righteous monster doctor.', 'male/male_253.jpg'),
(298, 'Beaulah', 'Heineke', 'Female', 'The tough, corrupt monster historian.', 'female/female_189.jpg'),
(299, 'Aurea', 'Henry', 'Female', 'The striking monster therapist who is very protective of monsters.', 'female/female_066.jpg'),
(300, 'Heriberto', 'Frederick', 'Male', 'The poised monster nurse with repressed memories.', 'male/male_227.jpg'),
(301, 'Esteban', 'Roger', 'Male', 'The unhealthy, miserly, ignored pharmacist.', 'male/male_248.jpg'),
(302, 'Jacquelynn', 'Both', 'Female', 'The sloppy monster fighter.', 'female/female_199.jpg'),
(303, 'Lizeth', 'Cole', 'Female', 'The poised, weak monster trainer.', 'female/female_095.jpg'),
(304, 'Denis', 'van der Vooren', 'Male', 'The worried, self-righteous monster dojo owner.', 'male/male_255.jpg'),
(305, 'Ross', 'Wijnslagers', 'Male', 'The selfless monster historian.', 'male/male_130.jpg'),
(306, 'Kindra', 'Hoover', 'Female', 'The graceful police chief.', 'female/female_233.jpg'),
(307, 'Lila', 'Verrips', 'Female', 'The unhealthy, nervous, cooperative monster doctor with big dreams.', 'female/female_160.jpg'),
(308, 'Carlo', 'Taets', 'Male', 'The bigoted gambler who is dependent on medication.', 'male/male_218.jpg'),
(309, 'Stacy', 'Guerra', 'Male', 'The tireless, cynical, opinionated bounty hunter.', 'male/male_041.jpg'),
(310, 'Alejandra', 'Schroeder', 'Female', 'The unathletic, opinionated monster rustler looking for love.', 'female/female_167.jpg'),
(311, 'Francesco', 'Kock', 'Male', 'The confident, generous monster rancher with unusual luck.', 'male/male_152.jpg'),
(312, 'Alvaro', 'van Rorincx', 'Male', 'The fighter pilot who was exiled to another world.', 'male/male_065.jpg'),
(313, 'Renee', 'Kastelein', 'Female', 'The odd, smooth monster fight referee.', 'female/female_071.jpg'),
(314, 'Kareen', 'Gillespie', 'Female', 'The unathletic, organized, nurturing airline pilot.', 'female/female_217.jpg'),
(315, 'Damion', 'Pena', 'Male', 'The crippled, kind, sarcastic monster fight gambler whose family was deeply involved in monster studies.', 'male/male_061.jpg'),
(316, 'Dionne', 'Sutton', 'Female', 'The poised monster fight gambler.', 'female/female_150.jpg'),
(317, 'Tess', 'Huizing', 'Female', 'The dancer looking for a challenge.', 'female/female_092.jpg'),
(318, 'Johnnie', 'Villarreal', 'Female', 'The agile, lonely shaman on the wrong side of the law.', 'female/female_004.jpg'),
(319, 'Oma', 'Cox', 'Female', 'The prophet with repressed memories.', 'female/female_022.jpg'),
(320, 'Faustino', 'Ayers', 'Male', 'The social monster historian.', 'male/male_193.jpg'),
(321, 'Jamey', 'Monroe', 'Male', 'The mean-spirited monster nurse who has lost too many monster fights.', 'male/male_076.jpg'),
(322, 'Aron', 'Kleijn', 'Male', 'The plain, dispirited, obedient secret agent from another time.', 'male/male_159.jpg'),
(323, 'Gigi', 'Roach', 'Female', 'The enduring, brave necromancer on the wrong side of the law.', 'female/female_260.jpg'),
(324, 'Carlton', 'de Borst', 'Male', 'The nimble, disloyal monster nurse.', 'male/male_222.jpg'),
(325, 'Emile', 'Shean', 'Male', 'The unjust cartographer who is cursed with bad luck.', 'male/male_178.jpg'),
(326, 'Fabiola', 'Cooke', 'Female', 'The clumsy, unethical corporate official.', 'female/female_151.jpg'),
(327, 'Vincent', 'Brouwer', 'Male', 'The monster doctor who suffers from a chronic disease.', 'male/male_007.jpg'),
(328, 'Kellye', 'van der Peijl', 'Female', 'The monster scientist whose family was deeply involved in monster rustling.', 'female/female_153.jpg'),
(329, 'Jenifer', 'Adams', 'Female', 'The plain time traveller searching for purpose.', 'female/female_206.jpg'),
(330, 'Susie', 'Cleijn', 'Female', 'The unhealthy, vocal monster historian whose family was deeply involved in monster studies.', 'female/female_086.jpg'),
(331, 'Tod', 'van Isendoorn', 'Male', 'The healthy heroine.', 'male/male_213.jpg'),
(332, 'Garfield', 'Mitchell', 'Male', 'The sarcastic monster hunter who loves children.', 'male/male_086.jpg'),
(333, 'Michal', 'Wolfe', 'Female', 'The weak, rude monster fight fan whose family was deeply involved in monster fighting.', 'female/female_052.jpg'),
(334, 'Deedee', 'van der Woude', 'Female', 'The agile monster scientist with no hope.', 'female/female_099.jpg'),
(335, 'Kendall', 'Houston', 'Male', 'The professor on an important journey through time.', 'male/male_056.jpg'),
(336, 'Romelia', 'Shea', 'Female', 'The confident, nurturing bowman.', 'female/female_184.jpg'),
(337, 'Willow', 'Key', 'Female', 'The monster trainer with a rival in his/her profession.', 'female/female_035.jpg'),
(338, 'Leroy', 'van Soest', 'Male', 'The arrogant noble.', 'male/male_137.jpg'),
(339, 'Fredricka', 'Sheppard', 'Female', 'The crippled, pompous chemical engineer with big dreams.', 'female/female_119.jpg'),
(340, 'Darnell', 'de Looss', 'Male', 'The athletic, philosophical, playful magical nemesis.', 'male/male_099.jpg'),
(341, 'Genia', 'Pate', 'Female', 'The mean-spirited physicist whose body was infected by an alien seeking to reproduce.', 'female/female_212.jpg'),
(342, 'Dale', 'de Lang', 'Male', 'The paranoid monster nurse.', 'male/male_009.jpg'),
(343, 'Tristan', 'Turnbull', 'Male', 'The grim, generous monster historian.', 'male/male_074.jpg'),
(344, 'Karleen', 'Dirks', 'Female', 'The enduring starship navigator.', 'female/female_126.jpg'),
(345, 'Kimberely', 'Flynn', 'Female', 'The worried, tactless dancer.', 'female/female_202.jpg'),
(346, 'Ashlie', 'Rosieu', 'Female', 'The awkward, peace-loving, infamous occultist with a strange rapport with non-humans.', 'female/female_261.jpg'),
(347, 'Blanch', 'Klapmuts', 'Female', 'The stupid scientist.', 'female/female_050.jpg'),
(348, 'Darwin', 'Banks', 'Male', 'The acrobatic monster fight referee.', 'male/male_002.jpg'),
(349, 'Jamey', 'Buck', 'Male', 'The lonely witch-hunter.', 'male/male_181.jpg'),
(350, 'Alonzo', 'van der Pruyl', 'Male', 'The healthy paladin.', 'male/male_004.jpg'),
(351, 'Neal', 'Peled', 'Male', 'The weak, creative, philandering monster dojo owner who knows secrets about monsters few know.', 'male/male_136.jpg'),
(352, 'Sidney', 'van Erven', 'Male', 'The peaceful monster fighter who can\'t resist helping people.', 'male/male_053.jpg'),
(353, 'Melodee', 'Petty', 'Female', 'The poised monster scientist.', 'female/female_030.jpg'),
(354, 'Bennie', 'Berendse', 'Male', 'The apathetic, bloodthirsty xenoarcheologist.', 'male/male_120.jpg'),
(355, 'Machelle', 'de Groot', 'Female', 'The unathletic, unjust, posturing monster trainer who is dependent on medication.', 'female/female_252.jpg'),
(356, 'Jeanelle', 'Odom', 'Female', 'The sickly archer.', 'female/female_136.jpg'),
(357, 'Lenny', 'Baird', 'Male', 'The moral prince needing a friend.', 'male/male_046.jpg'),
(358, 'Remedios', 'Alexander', 'Female', 'The unjust monster trainer who fell in with the wrong crowd.', 'female/female_237.jpg'),
(359, 'Colton', 'Mathews', 'Male', 'The unathletic, boring starship navigator.', 'male/male_108.jpg'),
(360, 'Greg', 'Verweij', 'Male', 'The astronaut with an odd birthmark.', 'male/male_032.jpg'),
(361, 'Clinton', 'Claes', 'Male', 'The educated monster trainer with uncanny abilities.', 'male/male_153.jpg'),
(362, 'Gayle', 'Wijnslagers', 'Female', 'The cooperative magical advisor.', 'female/female_068.jpg'),
(363, 'Juan', 'Robbins', 'Male', 'The odd, hypocritical elementalist needing a friend.', 'male/male_232.jpg'),
(364, 'Werner', 'Udo', 'Male', 'The promiscuous, tolerant chemist.', 'male/male_139.jpg'),
(365, 'Alvaro', 'Voorma', 'Male', 'The unathletic watchman.', 'male/male_194.jpg'),
(366, 'Dexter', 'Mann', 'Male', 'The weak, brave monster dojo owner.', 'male/male_049.jpg'),
(367, 'Gustavo', 'Terweele', 'Male', 'The fear-ridden, heroic media personality.', 'male/male_020.jpg'),
(368, 'Bernard', 'Shaw', 'Male', 'The weak, crazy, sleazy monster trainer.', 'male/male_097.jpg'),
(369, 'Jeffrey', 'Nolan', 'Male', 'The manipulative, bigoted monster fight gambler.', 'male/male_166.jpg'),
(370, 'Lynetta', 'Weeda', 'Female', 'The monster historian who exploits monsters mercilessly.', 'female/female_143.jpg'),
(371, 'Vaughn', 'Cornelisz', 'Male', 'The puerile fighter pilot.', 'male/male_109.jpg'),
(372, 'Moshe', 'Ris', 'Male', 'The slovenly, sadistic planetologist with little money.', 'male/male_058.jpg'),
(373, 'Jeremy', 'Alvarado', 'Male', 'The moralistic monster rustler.', 'male/male_024.jpg'),
(374, 'Aurore', 'Finley', 'Female', 'The poised AI computer.', 'female/female_059.jpg'),
(375, 'Mavis', 'Steele', 'Female', 'The moralistic, introverted pretender.', 'female/female_208.jpg'),
(376, 'Tori', 'Hewitt', 'Female', 'The sickly, paranoid, funny monster scientist.', 'female/female_062.jpg'),
(377, 'Sadye', 'van Wijck', 'Female', 'The weak-willed, moral psychologist.', 'female/female_248.jpg'),
(378, 'Haywood', 'Abbott', 'Male', 'The righteous linguist infected with an alien disease.', 'male/male_241.jpg'),
(379, 'Hortense', 'van Wijck', 'Female', 'The tough, enduring hockey player.', 'female/female_121.jpg'),
(380, 'Art', 'Bishop', 'Male', 'The nurturing noble.', 'male/male_195.jpg'),
(381, 'Randy', 'Mitchell', 'Male', 'The nimble, grim wizard.', 'male/male_201.jpg'),
(382, 'Carin', 'England', 'Female', 'The unjust prospector.', 'female/female_146.jpg'),
(383, 'Ruth', 'Cummings', 'Female', 'The nihilistic, gentle martial artist who tragically misunderstood an alien custom.', 'female/female_123.jpg'),
(384, 'Roslyn', 'Dons', 'Female', 'The nihilistic monster historian who dislikes monsters.', 'female/female_205.jpg'),
(385, 'Buddy', 'Silva', 'Male', 'The clever, immoral merchant from an unusual family line.', 'male/male_087.jpg'),
(386, 'Francis', 'Kers', 'Male', 'The unathletic xenobotanist who can\'t resist helping people.', 'male/male_072.jpg'),
(387, 'Thaddeus', 'Paul', 'Male', 'The poised, brave magical girl.', 'male/male_111.jpg'),
(388, 'Lillian', 'Rouffaer', 'Female', 'The philanthropist with a large fortune.', 'female/female_194.jpg'),
(389, 'Talitha', 'van Pelt', 'Female', 'The monster fight referee who is ignorant of basic monster knowledge.', 'female/female_175.jpg'),
(390, 'Daphine', 'Flores', 'Female', 'The sickly, atheistic monster historian.', 'female/female_222.jpg'),
(391, 'Andrea', 'Groenendijk', 'Female', 'The shiftless, tactless monster fight gambler who was raised by monsters.', 'female/female_244.jpg'),
(392, 'Tabitha', 'Dekker', 'Female', 'The sloppy hockey player.', 'female/female_148.jpg'),
(393, 'Jan', 'Snijders', 'Male', 'The neurotic, inhibited magical girl who uses strange technology to deal with monsters.', 'male/male_038.jpg'),
(394, 'Magen', 'Cote', 'Female', 'The greedy mentor who fears people think he/she is a fraud.', 'female/female_098.jpg'),
(395, 'Matthew', 'Young', 'Male', 'The tough, dissatisfied, whiny servant who is more than meets the eye.', 'male/male_101.jpg'),
(396, 'Keneth', 'Abresch', 'Male', 'The aged, combative monster scientist.', 'male/male_221.jpg'),
(397, 'Lula', 'van Niekerk', 'Female', 'The bitter monster fight referee.', 'female/female_112.jpg'),
(398, 'Tyrone', 'Sloan', 'Male', 'The arrogant circuit priestess.', 'male/male_094.jpg'),
(399, 'Augustus', 'Cochran', 'Male', 'The scatterbrained murderer.', 'male/male_251.jpg'),
(400, 'Dillon', 'Lambert', 'Male', 'The healthy monster rancher who is considered the best in his/her profession.', 'male/male_006.jpg'),
(401, 'Ron', 'Cleijn', 'Male', 'The charismatic bard who fears non-human beings.', 'male/male_146.jpg'),
(402, 'Reyes', 'Koetsier', 'Male', 'The frustrated monster fight gambler.', 'male/male_174.jpg'),
(403, 'Gilda', 'Mcgee', 'Female', 'The jailer in love with someone of another species.', 'female/female_251.jpg'),
(404, 'Felice', 'van der Mheen', 'Female', 'The mean-spirited, patriotic hero who was exiled to another dimension.', 'female/female_064.jpg'),
(405, 'Dion', 'van Beusekom', 'Male', 'The bloodthirsty monster doctor.', 'male/male_106.jpg'),
(406, 'Beckie', 'Meewisse', 'Female', 'The clumsy, extraverted astronomer who is more than meets the eye.', 'female/female_142.jpg'),
(407, 'Fletcher', 'Hoedenmaker', 'Male', 'The wise monster nurse with a lot of friends.', 'male/male_161.jpg'),
(408, 'Eladia', 'Dircks', 'Female', 'The violent, posturing monster nurse who dislikes monsters.', 'female/female_003.jpg'),
(409, 'Milissa', 'van Beest', 'Female', 'The strong, happy, intimidating nanotechnologist.', 'female/female_149.jpg'),
(410, 'Brandon', 'Boogaart', 'Male', 'The acrobatic, pompous dungeon delver who seems insane.', 'male/male_025.jpg'),
(411, 'Karisa', 'Rowe', 'Female', 'The acrobatic, spiritual monster fight gambler.', 'female/female_069.jpg'),
(412, 'Esther', 'Gibson', 'Female', 'The boatman who suffers from a chronic disease.', 'female/female_254.jpg'),
(413, 'Edmund', 'Potter', 'Male', 'The weak, ignored technician infected with nanites.', 'male/male_133.jpg'),
(414, 'Beula', 'Sosa', 'Female', 'The tough, vocal exorcist.', 'female/female_001.jpg'),
(415, 'Jeni', 'Jongejans', 'Female', 'The weak, whiny, attractive monster rights activist haunted by dark memories.', 'female/female_089.jpg'),
(416, 'Tianna', 'Mcmahon', 'Female', 'The strong, militant, unpopular seer who tends to annoy demonic beings.', 'female/female_173.jpg'),
(417, 'Sean', 'Cain', 'Male', 'The nimble assassin on the run from the law.', 'male/male_079.jpg'),
(418, 'Antonio', 'Lagerweij', 'Male', 'The manipulative kid robot pilot looking for love.', 'male/male_122.jpg'),
(419, 'Aron', 'van der Klugt', 'Male', 'The awkward, stressed monster nurse.', 'male/male_059.jpg'),
(420, 'Robin', 'van Duijns', 'Male', 'The sickly, grim, boastful security officer who belongs to a secret organization.', 'male/male_197.jpg'),
(421, 'Earnest', 'Combs', 'Male', 'The sadistic chemical engineer.', 'male/male_162.jpg'),
(422, 'Porfirio', 'Henson', 'Male', 'The aged, odd, whiny monster therapist.', 'male/male_110.jpg'),
(423, 'Bob', 'Richards', 'Male', 'The dexterous monster rustler.', 'male/male_092.jpg'),
(424, 'Christin', 'Nixon', 'Female', 'The unhealthy, persistent, humble monster doctor.', 'female/female_063.jpg'),
(425, 'Allan', 'van Beusichem', 'Male', 'The young, moral archer who wields an unusual artifact.', 'male/male_243.jpg'),
(426, 'Jennie', 'Mcknight', 'Female', 'The plain monster fight gambler who is seeking meaning in life.', 'female/female_174.jpg'),
(427, 'Kandis', 'Winkel', 'Female', 'The cowardly dungeon delver who has rare occult knowledge.', 'female/female_226.jpg'),
(428, 'Laurine', 'Gates', 'Female', 'The poised, seasoned media technician.', 'female/female_065.jpg'),
(429, 'Milford', 'Yang', 'Male', 'The tough, logical, hateful virtual reality engineer.', 'male/male_141.jpg'),
(430, 'Ruthie', 'van Emmerik', 'Female', 'The tough, inhibited monster fighter.', 'female/female_013.jpg'),
(431, 'Virgilio', 'van Roy', 'Male', 'The weak, immature nanotechnologist with a large fortune.', 'male/male_088.jpg'),
(432, 'Carley', 'Abraham', 'Female', 'The bloodthirsty monster fighter with a rival in his/her profession.', 'female/female_061.jpg'),
(433, 'Hai', 'Sargent', 'Male', 'The traveler on an important journey through time.', 'male/male_199.jpg'),
(434, 'Barb', 'Hughes', 'Female', 'The delusional actor.', 'female/female_045.jpg'),
(435, 'Nereida', 'Dyer', 'Female', 'The young, social android needing a friend.', 'female/female_239.jpg'),
(436, 'Ed', 'Frederick', 'Male', 'The awkward, domineering monster rancher from another time.', 'male/male_204.jpg'),
(437, 'Noble', 'van Wankom', 'Male', 'The striking, smooth monster fight gambler.', 'male/male_095.jpg'),
(438, 'Zaida', 'Hess', 'Female', 'The tireless, cynical, arrogant monster doctor.', 'female/female_253.jpg'),
(439, 'Lavada', 'Marquez', 'Female', 'The graceful, plucky, popular murderer searching for truth.', 'female/female_258.jpg'),
(440, 'Beverly', 'van Ree', 'Female', 'The plain, tactless trader.', 'female/female_245.jpg'),
(441, 'Emmitt', 'Gonzales', 'Male', 'The courageous, heroic xenolinguist who can\'t resist helping people.', 'male/male_234.jpg'),
(442, 'Yahaira', 'Pena', 'Female', 'The unbalanced monster fight referee.', 'female/female_152.jpg'),
(443, 'Erich', 'Horton', 'Male', 'The agile, stingy, amiable monster fight referee who is dependent on medication.', 'male/male_167.jpg'),
(444, 'Micah', 'Snyder', 'Male', 'The witch-hunter with a dark past.', 'male/male_223.jpg'),
(445, 'Kieth', 'Boyd', 'Male', 'The clumsy, realistic, righteous monster scientist.', 'male/male_239.jpg'),
(446, 'Laverne', 'Schilp', 'Female', 'The ranger who is considered the best in his/her profession.', 'female/female_164.jpg'),
(447, 'Anthony', 'Roberts', 'Male', 'The unpopular monster fight gambler.', 'male/male_063.jpg'),
(448, 'Albertine', 'Frazier', 'Female', 'The striking monster fighter.', 'female/female_220.jpg'),
(449, 'Milo', 'Koch', 'Male', 'The aged, chaste cyberpunk.', 'male/male_003.jpg'),
(450, 'Luba', 'Kleijne', 'Female', 'The manipulative, greedy monster doctor.', 'female/female_019.jpg'),
(451, 'Raleigh', 'van der Klugt', 'Male', 'The crippled, puerile merchant.', 'male/male_008.jpg'),
(452, 'Gil', 'Franse', 'Male', 'The forceful, fearsome monster rancher.', 'male/male_250.jpg'),
(453, 'Adria', 'Santana', 'Female', 'The dexterous, boastful, pompous monster doctor.', 'female/female_020.jpg'),
(454, 'Towanda', 'Hayden', 'Female', 'The inhibited, ugly king.', 'female/female_166.jpg'),
(455, 'Ervin', 'Bishop', 'Male', 'The poised monster nurse.', 'male/male_183.jpg'),
(456, 'Erasmo', 'van Setten', 'Male', 'The nimble, sloppy, attractive alchemist.', 'male/male_170.jpg'),
(457, 'Maryetta', 'Hopkins', 'Female', 'The philandering, obedient bard who tends to annoy non-humans.', 'female/female_031.jpg'),
(458, 'Aron', 'Small', 'Male', 'The unhealthy prince.', 'male/male_112.jpg'),
(459, 'Sergio', 'Butler', 'Male', 'The nimble, boring secret agent from a small family.', 'male/male_228.jpg'),
(460, 'Alan', 'Brenk', 'Male', 'The brutal cartographer.', 'male/male_052.jpg'),
(461, 'Morris', 'Jongejans', 'Male', 'The quiet monster fight gambler who exploits monsters mercilessly.', 'male/male_100.jpg'),
(462, 'Valorie', 'Miles', 'Female', 'The boring technician who is an outsider.', 'female/female_002.jpg'),
(463, 'Lorelei', 'Broerse', 'Female', 'The unathletic monster fighter.', 'female/female_008.jpg'),
(464, 'Lesha', 'Palmer', 'Female', 'The industrious arch-druid who suffers from a chronic disease.', 'female/female_218.jpg'),
(465, 'Owen', 'Huffman', 'Male', 'The weak, alienated monster historian whose family was deeply involved in monster rustling.', 'male/male_113.jpg'),
(466, 'Berry', 'Villegas', 'Female', 'The duke with a rival in his/her profession.', 'female/female_055.jpg'),
(467, 'Houston', 'van Barneveld', 'Male', 'The complacent, sleazy monster fighter looking for a challenge.', 'male/male_089.jpg'),
(468, 'Mona', 'van Blootenburgh', 'Female', 'The laid-back, ethical tactical officer who is the last member of his/her race.', 'female/female_155.jpg'),
(469, 'Johnnie', 'van Westreenen', 'Male', 'The unfriendly duke.', 'male/male_258.jpg'),
(470, 'Cira', 'Fields', 'Female', 'The broken-hearted monster nurse.', 'female/female_243.jpg'),
(471, 'Claris', 'Cantu', 'Female', 'The tolerant, greedy biologist coping with mental illness.', 'female/female_187.jpg'),
(472, 'Nancey', 'Tyson', 'Female', 'The short-tempered monster fight gambler.', 'female/female_197.jpg'),
(473, 'Lucius', 'van Amstel', 'Male', 'The vocal computer programmer who is estranged from his/her race.', 'male/male_021.jpg');
INSERT INTO `pg` (`id`, `first_name`, `last_name`, `gender`, `description`, `img`) VALUES
(474, 'Rudolf', 'Branch', 'Male', 'The nurturing chief engineer whose world is run by a computer.', 'male/male_145.jpg'),
(475, 'Pasquale', 'Mathis', 'Male', 'The strong android.', 'male/male_033.jpg'),
(476, 'Dulce', 'Lit', 'Female', 'The weak, cooperative, boastful philanthropist who is actually an alien entity.', 'female/female_213.jpg'),
(477, 'Inger', 'Mcgee', 'Female', 'The dexterous monster fight fan haunted by flashbacks.', 'female/female_011.jpg'),
(478, 'Gary', 'Buck', 'Male', 'The cute fighter pilot from an unusual family line.', 'male/male_075.jpg'),
(479, 'Wonda', 'Ortega', 'Female', 'The nimble, persuasive xenoarcheologist.', 'female/female_090.jpg'),
(480, 'Kelsie', 'Leonard', 'Female', 'The tough physicist.', 'female/female_029.jpg'),
(481, 'Olimpia', 'Muijen', 'Female', 'The awkward, intuitive wizard.', 'female/female_101.jpg'),
(482, 'Boyce', 'Pennington', 'Male', 'The unjust AI computer.', 'male/male_259.jpg'),
(483, 'Alena', 'van Ooyen', 'Female', 'The striking monster therapist.', 'female/female_163.jpg'),
(484, 'Alecia', 'Silva', 'Female', 'The lazy monster fight fan.', 'female/female_130.jpg'),
(485, 'Stacie', 'van Erven', 'Female', 'The sickly, patriotic prince trapped by the past.', 'female/female_080.jpg'),
(486, 'Earnest', 'van Stockum', 'Male', 'The clumsy, antisocial monster dojo owner who is an outsider.', 'male/male_080.jpg'),
(487, 'Harlan', 'Brink', 'Male', 'The young, religious, bigoted monster rights activist.', 'male/male_019.jpg'),
(488, 'Anne', 'Lelyveld', 'Female', 'The incoherent psychiatrist.', 'female/female_207.jpg'),
(489, 'Guillermo', 'Moon', 'Male', 'The tireless, alienated shuttlecraft pilot who is estranged from family members.', 'male/male_150.jpg'),
(490, 'Spencer', 'Peters', 'Male', 'The atheistic elementalist.', 'male/male_070.jpg'),
(491, 'Alisia', 'Justice', 'Female', 'The tough, materialistic henchman.', 'female/female_132.jpg'),
(492, 'Olivia', 'Donovan', 'Female', 'The dexterous, introverted bodyguard.', 'female/female_007.jpg'),
(493, 'Quincy', 'Guy', 'Male', 'The enduring, kind, heroic singer searching for truth.', 'male/male_163.jpg'),
(494, 'Theron', 'Mack', 'Male', 'The nimble, stupid investor.', 'male/male_142.jpg'),
(495, 'Carrol', 'van Drie', 'Female', 'The disorganized, inhibited communications officer.', 'female/female_076.jpg'),
(496, 'Alice', 'van Egmond', 'Female', 'The fearsome king.', 'female/female_195.jpg'),
(497, 'Jamie', 'Coffey', 'Male', 'The tireless priest.', 'male/male_123.jpg'),
(498, 'Delfina', 'van Malsen', 'Female', 'The willful cleric from a small family.', 'female/female_108.jpg'),
(499, 'Shayne', 'Scott', 'Male', 'The sickly time traveller.', 'male/male_104.jpg'),
(500, 'Bee', 'Cornelisz', 'Female', 'The moralizing engineer.', 'female/female_192.jpg'),
(501, 'Melisa', 'Blackburn', 'Female', 'The acrobatic, wily magical nemesis.', 'female/female_103.jpg'),
(502, 'Dannie', 'Payne', 'Male', 'The agile peasant escpaing the past.', 'male/male_214.jpg'),
(503, 'Val', 'Johnson', 'Male', 'The moralistic witch-hunter who hopes to be the best in his/her profession.', 'male/male_042.jpg'),
(504, 'Elmo', 'de Rooy', 'Male', 'The biased monster doctor.', 'male/male_012.jpg'),
(505, 'Brad', 'Macias', 'Male', 'The crippled adventurer.', 'male/male_256.jpg'),
(506, 'Clinton', 'Rasmussen', 'Male', 'The sleazy, sadistic monster fight fan.', 'male/male_254.jpg'),
(507, 'Kourtney', 'Moran', 'Female', 'The awestruck monster doctor.', 'female/female_172.jpg'),
(508, 'Mckinley', 'Ello', 'Male', 'The weak, withdrawn magical sidekick who was reborn under strange circumstances.', 'male/male_238.jpg'),
(509, 'Eboni', 'Brownlie', 'Female', 'The acrobatic, vicious, nurturing bowman.', 'female/female_159.jpg'),
(510, 'Deandrea', 'Zavala', 'Female', 'The acrobatic, persistent laborer.', 'female/female_186.jpg'),
(511, 'Denisse', 'van der Vooren', 'Female', 'The manipulative monster fighter who is estranged from family members.', 'female/female_241.jpg'),
(512, 'Hipolito', 'Lancaster', 'Male', 'The enduring monster fight referee who is given to moments of deep introspection.', 'male/male_073.jpg'),
(513, 'Taisha', 'Donkerkaat', 'Female', 'The committed, bullying monster trainer who obsessively pursues monsters.', 'female/female_264.jpg'),
(514, 'Sunshine', 'Cochran', 'Female', 'The moralistic, paranoid monster fight gambler searching for purpose.', 'female/female_250.jpg'),
(515, 'Cary', 'Bird', 'Male', 'The acrobatic, dispirited football player.', 'male/male_203.jpg'),
(516, 'Phyliss', 'Wilcox', 'Female', 'The smooth magician who worships unkown gods.', 'female/female_033.jpg'),
(517, 'Rozanne', 'Peterse', 'Female', 'The sloppy monster trainer who fears people think he/she is a fraud.', 'female/female_234.jpg'),
(518, 'Sima', 'Verrips', 'Female', 'The smooth prophet.', 'female/female_018.jpg'),
(519, 'Lashunda', 'Paul', 'Female', 'The sickly, funny herbologist who hopes to be the best in his/her profession.', 'female/female_037.jpg'),
(520, 'Latisha', 'Heijn', 'Female', 'The aloof, unethical monster rights activist.', 'female/female_093.jpg'),
(521, 'Dane', 'Foley', 'Male', 'The awkward, diabolical dancer.', 'male/male_207.jpg'),
(522, 'Ocie', 'Morgan', 'Female', 'The healthy, short-tempered, kind monster scientist.', 'female/female_214.jpg'),
(523, 'Alex', 'Yang', 'Male', 'The anxious monster fight gambler.', 'male/male_157.jpg'),
(524, 'Ezequiel', 'Ferguson', 'Male', 'The aged, pious, tactless monster dojo owner on the run from the law.', 'male/male_149.jpg'),
(525, 'Michaela', 'Herman', 'Female', 'The broken-hearted, sarcastic super robot pilot who had a near-death experience that changed them significantly.', 'female/female_249.jpg'),
(526, 'Lyman', 'Blevins', 'Male', 'The smart, cute super robot creator.', 'male/male_237.jpg');

--
-- Indici per le tabelle scaricate
--

--
-- Indici per le tabelle `author`
--
ALTER TABLE `author`
  ADD PRIMARY KEY (`id`),
  ADD KEY `nazionalità` (`nationality`);

--
-- Indici per le tabelle `nationality`
--
ALTER TABLE `nationality`
  ADD PRIMARY KEY (`id`);

--
-- Indici per le tabelle `novel`
--
ALTER TABLE `novel`
  ADD PRIMARY KEY (`id`),
  ADD UNIQUE KEY `isbn` (`isbn`),
  ADD KEY `author` (`author`) USING BTREE;

--
-- Indici per le tabelle `novel_pg`
--
ALTER TABLE `novel_pg`
  ADD UNIQUE KEY `id_pg` (`id_pg`,`id_novel`),
  ADD KEY `fk_id_novel` (`id_novel`);

--
-- Indici per le tabelle `pg`
--
ALTER TABLE `pg`
  ADD PRIMARY KEY (`id`);

--
-- AUTO_INCREMENT per le tabelle scaricate
--

--
-- AUTO_INCREMENT per la tabella `author`
--
ALTER TABLE `author`
  MODIFY `id` int(11) NOT NULL AUTO_INCREMENT, AUTO_INCREMENT=41;

--
-- AUTO_INCREMENT per la tabella `nationality`
--
ALTER TABLE `nationality`
  MODIFY `id` int(11) NOT NULL AUTO_INCREMENT, AUTO_INCREMENT=201;

--
-- AUTO_INCREMENT per la tabella `novel`
--
ALTER TABLE `novel`
  MODIFY `id` int(11) NOT NULL AUTO_INCREMENT, AUTO_INCREMENT=191;

--
-- AUTO_INCREMENT per la tabella `pg`
--
ALTER TABLE `pg`
  MODIFY `id` int(11) NOT NULL AUTO_INCREMENT, AUTO_INCREMENT=527;

--
-- Limiti per le tabelle scaricate
--

--
-- Limiti per la tabella `author`
--
ALTER TABLE `author`
  ADD CONSTRAINT `author_ibfk_1` FOREIGN KEY (`nationality`) REFERENCES `nationality` (`id`);

--
-- Limiti per la tabella `novel`
--
ALTER TABLE `novel`
  ADD CONSTRAINT `fk_id_author` FOREIGN KEY (`author`) REFERENCES `author` (`id`);

--
-- Limiti per la tabella `novel_pg`
--
ALTER TABLE `novel_pg`
  ADD CONSTRAINT `fk_id_novel` FOREIGN KEY (`id_novel`) REFERENCES `novel` (`id`),
  ADD CONSTRAINT `fk_id_pg` FOREIGN KEY (`id_pg`) REFERENCES `pg` (`id`);
COMMIT;

/*!40101 SET CHARACTER_SET_CLIENT=@OLD_CHARACTER_SET_CLIENT */;
/*!40101 SET CHARACTER_SET_RESULTS=@OLD_CHARACTER_SET_RESULTS */;
/*!40101 SET COLLATION_CONNECTION=@OLD_COLLATION_CONNECTION */;
